"Year","2019",,,,,,,,,,,,,,,,,,,,,,,,,,,,,,,,,,,,,,,,,,,,,,,,,,,,,,,,
,"Province (NUTS 2 unit)","Salzburg <AT32>",,,,,,,,,,,,,,"Vorarlberg <AT34>",,,,,,,,,,,,,,"Tyrol <AT33>",,,,,,,,,,,,,,"Styria <AT22>",,,,,,,,,,,,,,
,"Useful energy category","Space and water heating","Space and water heating - Annotations","Process heat <200 �C","Process heat <200 �C - Annotations","Process heat >200 �C","Process heat >200 �C - Annotations","Stationary engines","Stationary engines - Annotations","Traction","Traction - Annotations","Lighting and computing","Lighting and computing - Annotations","Electrochemical purposes","Electrochemical purposes - Annotations","Space and water heating","Space and water heating - Annotations","Process heat <200 �C","Process heat <200 �C - Annotations","Process heat >200 �C","Process heat >200 �C - Annotations","Stationary engines","Stationary engines - Annotations","Traction","Traction - Annotations","Lighting and computing","Lighting and computing - Annotations","Electrochemical purposes","Electrochemical purposes - Annotations","Space and water heating","Space and water heating - Annotations","Process heat <200 �C","Process heat <200 �C - Annotations","Process heat >200 �C","Process heat >200 �C - Annotations","Stationary engines","Stationary engines - Annotations","Traction","Traction - Annotations","Lighting and computing","Lighting and computing - Annotations","Electrochemical purposes","Electrochemical purposes - Annotations","Space and water heating","Space and water heating - Annotations","Process heat <200 �C","Process heat <200 �C - Annotations","Process heat >200 �C","Process heat >200 �C - Annotations","Stationary engines","Stationary engines - Annotations","Traction","Traction - Annotations","Lighting and computing","Lighting and computing - Annotations","Electrochemical purposes","Electrochemical purposes - Annotations",
"Sector","Fuels aggregated",
"Iron and steel","Hard coal",-,,-,,-,,-,,-,,-,,-,,-,,-,,-,,-,,-,,-,,-,,-,,-,,0.0000022,,-,,-,,-,,-,,-,,-,,0.0000024,,-,,-,,-,,-,,
,"Brown coal",-,,-,,-,,-,,-,,-,,-,,-,,-,,-,,-,,-,,-,,-,,-,,-,,-,,-,,-,,-,,-,,-,,-,,-,,-,,-,,-,,-,,
,"Coke",-,,-,,-,,-,,-,,-,,-,,-,,-,,-,,-,,-,,-,,-,,-,,-,,201.2342178,,-,,-,,-,,-,,-,,-,,3054.882399,,-,,-,,-,,-,,
,"Petrol coke",-,,-,,-,,-,,-,,-,,-,,-,,-,,-,,-,,-,,-,,-,,-,,-,,-,,-,,-,,-,,-,,-,,-,,-,,-,,-,,-,,-,,
,"Fuel oil",-,,-,,-,,-,,-,,-,,-,,-,,-,,-,,-,,-,,-,,-,,0.0001523,,0.0013234,,-,,-,,-,,-,,-,,0.0756222,,0.6571513,,-,,-,,-,,-,,-,,
,"Gas oil for heating purposes",-,,-,,-,,-,,-,,-,,-,,-,,-,,-,,-,,-,,-,,-,,0.0010942,,0.0004113,,-,,-,,-,,-,,-,,0.5647538,,0.2122877,,-,,-,,-,,-,,-,,
,"Diesel",-,,-,,-,,-,,-,,-,,-,,-,,-,,-,,0.0809748,,-,,-,,-,,-,,-,,-,,0.082294,,-,,-,,-,,-,,-,,-,,10.618937,,-,,-,,-,,
,"Gasoline",-,,-,,-,,-,,-,,-,,-,,-,,-,,-,,-,,-,,-,,-,,-,,-,,-,,-,,-,,-,,-,,-,,-,,-,,-,,-,,-,,-,,
,"Kerosene",-,,-,,-,,-,,-,,-,,-,,-,,-,,-,,-,,-,,-,,-,,-,,-,,-,,-,,-,,-,,-,,-,,-,,-,,-,,-,,-,,-,,
,"LPG",-,,-,,-,,-,,-,,-,,-,,-,,-,,-,,-,,-,,-,,-,,-,,-,,0.0043308,,-,,-,,-,,-,,-,,-,,4.4784671,,-,,-,,-,,-,,
,"Natural gas",-,,-,,-,,-,,-,,-,,-,,1.3450517,,0.5863046,,32.5571478,,-,,-,,-,,-,,3.4971976,,1.5244195,,84.6501164,,-,,-,,-,,-,,313.205121,,136.5253092,,7581.170109,,-,,-,,-,,-,,
,"Electricity",-,,-,,-,,-,,-,,-,,-,,0.7564104,,0.0280152,,8.8808184,,17.0388446,,-,,1.2886992,,0.0224122,,1.4274288,,0.0528677,,16.7590714,,32.1541552,,-,,2.4319157,,0.0422942,,122.9313446,,4.5530128,,1443.305045,,2769.142361,,-,,209.438587,,3.6424102,,
,"District heat",-,,-,,-,,-,,-,,-,,-,,-,,-,,-,,-,,-,,-,,-,,1.9873081,,-,,13.068056,,-,,-,,-,,-,,33.6996574,,-,,221.6007776,,-,,-,,-,,-,,
,"Fuel wood",-,,-,,-,,-,,-,,-,,-,,-,,-,,-,,-,,-,,-,,-,,-,,-,,-,,-,,-,,-,,-,,-,,-,,-,,-,,-,,-,,-,,
,"Biofuels",-,,-,,-,,-,,-,,-,,-,,0.2014564,,-,,0.4280949,,-,,-,,-,,-,,0.0236864,,-,,0.0503336,,-,,-,,-,,-,,1.3594754,,-,,2.8888852,,-,,-,,-,,-,,
,"Non-renewable waste",-,,-,,-,,-,,-,,-,,-,,-,,-,,-,,-,,-,,-,,-,,-,,-,,-,,-,,-,,-,,-,,-,,-,,-,,-,,-,,-,,-,,
,"Other fuels",-,,-,,-,,-,,-,,-,,-,,-,,-,,-,,-,,-,,-,,-,,-,,-,,-,,-,,-,,-,,-,,-,,-,,125.1195036,,-,,-,,-,,-,,
"Chemical and petrochemical","Hard coal",-,,-,,-,,-,,-,,-,,-,,-,,-,,-,,-,,-,,-,,-,,-,,-,,-,,-,,-,,-,,-,,-,,-,,-,,-,,-,,-,,-,,
,"Brown coal",-,,-,,-,,-,,-,,-,,-,,-,,-,,-,,-,,-,,-,,-,,-,,-,,-,,-,,-,,-,,-,,-,,-,,-,,-,,-,,-,,-,,
,"Coke",-,,-,,-,,-,,-,,-,,-,,-,,-,,-,,-,,-,,-,,-,,-,,-,,-,,-,,-,,-,,-,,-,,-,,-,,-,,-,,-,,-,,
,"Petrol coke",-,,-,,-,,-,,-,,-,,-,,-,,-,,-,,-,,-,,-,,-,,-,,-,,-,,-,,-,,-,,-,,-,,-,,-,,-,,-,,-,,-,,
,"Fuel oil",2.0287293,,10.1851736,,-,,-,,-,,-,,-,,0.3394356,,1.704126,,-,,-,,-,,-,,-,,1.4997332,,7.5293649,,-,,-,,-,,-,,-,,0.9853214,,4.9467763,,-,,-,,-,,-,,-,,
,"Gas oil for heating purposes",1.9272647,,0.6867056,,0.6867056,,-,,-,,-,,-,,0.3336583,,0.1188861,,0.1188861,,-,,-,,-,,-,,1.3455897,,0.4794484,,0.4794484,,-,,-,,-,,-,,92.1950718,,32.8501193,,32.8501193,,-,,-,,-,,-,,
,"Diesel",-,,-,,-,,0.0250749,,-,,-,,-,,-,,-,,-,,0.0009866,,-,,-,,-,,-,,-,,-,,0.1415314,,-,,-,,-,,-,,-,,-,,0.1189417,,-,,-,,-,,
,"Gasoline",-,,-,,-,,-,,-,,-,,-,,-,,-,,-,,-,,-,,-,,-,,-,,-,,-,,-,,-,,-,,-,,-,,-,,-,,-,,-,,-,,-,,
,"Kerosene",-,,-,,-,,-,,-,,-,,-,,-,,-,,-,,-,,-,,-,,-,,-,,-,,-,,-,,-,,-,,-,,-,,-,,-,,-,,-,,-,,-,,
,"LPG",0.5558797,,0.7179783,,1.361892,,-0,,-,,-,,-,,0.2824559,,0.3648221,,0.6920102,,-0,,-,,-,,-,,0.0001056,,0.0001363,,0.0002586,,-0,,-,,-,,-,,0.0708335,,0.091489,,0.1735403,,-0,,-,,-,,-,,
,"Natural gas",0.9758758,,25.7099504,,5.7352966,,-,,-,,-,,-,,0.1570579,,4.1377722,,0.9230415,,-,,-,,-,,-,,36.2955644,,956.2253353,,213.3118056,,-,,-,,-,,-,,33.2049636,,874.8018648,,195.1481083,,-,,-,,-,,-,,
,"Electricity",1.3117794,,0.0959003,,1.4248048,,26.5986388,,-,,4.8189911,,-,,0.4686567,,0.0342621,,0.509037,,9.5028407,,-,,1.721671,,-,,60.4087296,,4.416304,,65.6136593,,1224.893457,,-,,221.9192755,,-,,36.7715158,,2.688257,,39.9398187,,745.6072884,,-,,135.0849156,,-,,
,"District heat",0.9931722,,2.6278671,,0.0343608,,-,,-,,-,,-,,0.2449775,,0.6481939,,0.0084755,,-,,-,,-,,-,,0.3951439,,1.0455242,,0.0136708,,-,,-,,-,,-,,10.0466435,,26.5827457,,0.3475835,,-,,-,,-,,-,,
,"Fuel wood",-,,-,,-,,-,,-,,-,,-,,-,,-,,-,,-,,-,,-,,-,,-,,-,,-,,-,,-,,-,,-,,-,,-,,-,,-,,-,,-,,-,,
,"Biofuels",-,,0.0929266,,-,,-,,-,,-,,-,,-,,0.0317263,,-,,-,,-,,-,,-,,-,,0.9434242,,-,,-,,-,,-,,-,,-,,0.7806859,,-,,-,,-,,-,,-,,
,"Non-renewable waste",-,,-,,-,,-,,-,,-,,-,,-,,-,,-,,-,,-,,-,,-,,-,,8.29668,,-,,-,,-,,-,,-,,-,,-,,-,,-,,-,,-,,-,,
,"Other fuels",0.0049537,,-,,-,,-,,-,,-,,-,,0.1020963,,-,,-,,-,,-,,-,,-,,0.0003588,,-,,-,,-,,-,,-,,-,,0.0423991,,-,,-,,-,,-,,-,,-,,
"Non-ferrous metals","Hard coal",-,,-,,0.000007,,-,,-,,-,,-,,-,,-,,0.0002834,,-,,-,,-,,-,,-,,-,,0.0000003,,-,,-,,-,,-,,-,,-,,0.0000062,,-,,-,,-,,-,,
,"Brown coal",-,,-,,-,,-,,-,,-,,-,,-,,-,,-,,-,,-,,-,,-,,-,,-,,-,,-,,-,,-,,-,,-,,-,,-,,-,,-,,-,,-,,
,"Coke",-,,-,,0.9015479,,-,,-,,-,,-,,-,,-,,-,,-,,-,,-,,-,,-,,-,,125.1092594,,-,,-,,-,,-,,-,,-,,0.5516704,,-,,-,,-,,-,,
,"Petrol coke",-,,-,,-,,-,,-,,-,,-,,-,,-,,-,,-,,-,,-,,-,,-,,-,,-,,-,,-,,-,,-,,-,,-,,-,,-,,-,,-,,-,,
,"Fuel oil",0.0006446,,-,,0.0040847,,-,,-,,-,,-,,0.0259622,,-,,0.1645188,,-,,-,,-,,-,,0.0000283,,-,,0.0001795,,-,,-,,-,,-,,2.2200784,,-,,14.0683274,,-,,-,,-,,-,,
,"Gas oil for heating purposes",0.2576609,,-,,-,,-,,-,,-,,-,,0.1943339,,-,,-,,-,,-,,-,,-,,0.0002121,,-,,-,,-,,-,,-,,-,,4.133913,,-,,-,,-,,-,,-,,-,,
,"Diesel",-,,-,,-,,0.0019155,,-,,-,,-,,-,,-,,-,,0.0166705,,-,,-,,-,,-,,-,,-,,0.1050996,,-,,-,,-,,-,,-,,-,,0.1149851,,-,,-,,-,,
,"Gasoline",-,,-,,-,,-,,-,,-,,-,,-,,-,,-,,-,,-,,-,,-,,-,,-,,-,,-,,-,,-,,-,,-,,-,,-,,-,,-,,-,,-,,
,"Kerosene",-,,-,,-,,-,,-,,-,,-,,-,,-,,-,,-,,-,,-,,-,,-,,-,,-,,-,,-,,-,,-,,-,,-,,-,,-,,-,,-,,-,,
,"LPG",-,,-,,0.0138795,,-,,-,,-,,-,,-,,-,,0.5590159,,-,,-,,-,,-,,-,,-,,0.0006101,,-,,-,,-,,-,,-,,-,,88.9316142,,-,,-,,-,,-,,
,"Natural gas",0.1960739,,0.2372869,,12.0541724,,0.0012489,,-,,-,,-,,1.724651,,2.0871572,,106.027587,,0.010985,,-,,-,,-,,13.0690015,,15.8159891,,803.4522482,,0.083242,,-,,-,,-,,7.4734468,,9.0442986,,459.4503704,,0.0476016,,-,,-,,-,,
,"Electricity",0.2766956,,0.0464318,,2.0714267,,6.414221,,-,,0.6671017,,-,,5.1954108,,0.8718326,,38.8944111,,120.4374513,,-,,12.525922,,-,,26.458889,,4.440019,,198.079217,,613.3569166,,-,,63.791294,,-,,8.745523,,1.4675706,,65.4716209,,202.7344016,,-,,21.0850966,,-,,
,"District heat",0.0624823,,-,,-,,-,,-,,-,,-,,2.3721364,,-,,-,,-,,-,,-,,-,,0.0025327,,-,,-,,-,,-,,-,,-,,0.0300765,,-,,-,,-,,-,,-,,-,,
,"Fuel wood",-,,-,,-,,-,,-,,-,,-,,-,,-,,-,,-,,-,,-,,-,,-,,-,,-,,-,,-,,-,,-,,-,,-,,-,,-,,-,,-,,-,,
,"Biofuels",-,,0.0234095,,-,,-,,-,,-,,-,,-,,0.0587027,,-,,-,,-,,-,,-,,-,,0.6506176,,-,,-,,-,,-,,-,,-,,0.0559171,,-,,-,,-,,-,,-,,
,"Non-renewable waste",-,,-,,-,,-,,-,,-,,-,,-,,-,,-,,-,,-,,-,,-,,-,,-,,-,,-,,-,,-,,-,,-,,-,,-,,-,,-,,-,,-,,
,"Other fuels",-,,-,,-,,-,,-,,-,,-,,-,,-,,-,,-,,-,,-,,-,,-,,-,,-,,-,,-,,-,,-,,-,,-,,-,,-,,-,,-,,-,,
"Non-metallic minerals","Hard coal",-,,-,,-,,-,,-,,-,,-,,-,,-,,-,,-,,-,,-,,-,,-,,-,,-,,-,,-,,-,,-,,-,,-,,8.1931556,,-,,-,,-,,-,,
,"Brown coal",-,,-,,411.1621664,,-,,-,,-,,-,,-,,-,,-,,-,,-,,-,,-,,-,,-,,556.0367923,,-,,-,,-,,-,,-,,-,,33.775038,,-,,-,,-,,-,,
,"Coke",-,,-,,-,,-,,-,,-,,-,,-,,-,,-,,-,,-,,-,,-,,-,,-,,-,,-,,-,,-,,-,,-,,-,,-,,-,,-,,-,,-,,
,"Petrol coke",-,,-,,-,,-,,-,,-,,-,,-,,-,,-,,-,,-,,-,,-,,-,,-,,478.1841651,,-,,-,,-,,-,,-,,-,,118.6531822,,-,,-,,-,,-,,
,"Fuel oil",4.8633944,,1.2414275,,62.1054779,,-,,-,,-,,-,,1.8286828,,0.4667886,,23.3522533,,-,,-,,-,,-,,7.8257415,,1.9975946,,99.9346087,,-,,-,,-,,-,,19.8878172,,5.0765536,,253.9671471,,-,,-,,-,,-,,
,"Gas oil for heating purposes",10.7600358,,-,,17.3120639,,-,,-,,-,,-,,3.0252626,,-,,4.8674132,,-,,-,,-,,-,,11.6758929,,-,,18.785607,,-,,-,,-,,-,,30.0273089,,-,,48.3116133,,-,,-,,-,,-,,
,"Diesel",-,,-,,-,,18.9229985,,-,,-,,-,,-,,-,,-,,6.3064462,,-,,-,,-,,-,,-,,-,,21.1484304,,-,,-,,-,,-,,-,,-,,25.5790384,,-,,-,,-,,
,"Gasoline",-,,-,,-,,-,,-,,-,,-,,-,,-,,-,,-,,-,,-,,-,,-,,-,,-,,-,,-,,-,,-,,-,,-,,-,,-,,-,,-,,-,,
,"Kerosene",-,,-,,-,,-,,-,,-,,-,,-,,-,,-,,-,,-,,-,,-,,-,,-,,-,,-,,-,,-,,-,,-,,-,,-,,-,,-,,-,,-,,
,"LPG",0.6342012,,-,,8.7519769,,0.0443234,,-,,-,,-,,0.0531795,,-,,0.7338774,,0.0037166,,-,,-,,-,,0.8973282,,-,,12.3831297,,0.0627129,,-,,-,,-,,0.458371,,-,,6.3255193,,0.0320348,,-,,-,,-,,
,"Natural gas",37.0374752,,76.3693073,,706.0063859,,-,,-,,-,,-,,7.1203194,,14.6817204,,135.7271495,,-,,-,,-,,-,,37.0844918,,76.4662531,,706.9026145,,-,,-,,-,,-,,198.8883965,,410.0973131,,3791.200053,,-,,-,,-,,-,,
,"Electricity",15.6342224,,-,,96.9447362,,470.5963718,,-,,44.7050856,,-,,3.4347358,,-,,21.2981206,,103.3869259,,-,,9.8214131,,-,,31.6780468,,-,,196.4293345,,953.5219314,,-,,90.581403,,-,,43.0799646,,-,,267.130383,,1296.724236,,-,,123.1844771,,-,,
,"District heat",2.8441269,,-,,-,,-,,-,,-,,-,,0.8712817,,-,,-,,-,,-,,-,,-,,2.6140309,,-,,-,,-,,-,,-,,-,,6.1845969,,-,,-,,-,,-,,-,,-,,
,"Fuel wood",0.0007593,,-,,-,,-,,-,,-,,-,,0.0004441,,-,,-,,-,,-,,-,,-,,0.0013618,,-,,-,,-,,-,,-,,-,,0.0030161,,-,,-,,-,,-,,-,,-,,
,"Biofuels",5.2794751,,-,,186.7014385,,-,,-,,-,,-,,0.8623305,,-,,30.495143,,-,,-,,-,,-,,0.5440856,,-,,19.2408446,,-,,-,,-,,-,,6.4327084,,-,,227.4839611,,-,,-,,-,,-,,
,"Non-renewable waste",6.0723301,,51.3154656,,797.8699643,,-,,-,,-,,-,,0.0826827,,0.6987274,,10.8640459,,-,,-,,-,,-,,1.6944871,,14.3196093,,222.6460586,,-,,-,,-,,-,,8.4900486,,71.7468899,,1115.54456,,-,,-,,-,,-,,
,"Other fuels",-,,-,,-,,-,,-,,-,,-,,-,,-,,-,,-,,-,,-,,-,,-,,-,,-,,-,,-,,-,,-,,-,,-,,-,,-,,-,,-,,-,,
"Transport equipment","Hard coal",-,,-,,-,,-,,-,,-,,-,,-,,-,,-,,-,,-,,-,,-,,-,,-,,-,,-,,-,,-,,-,,-,,-,,-,,-,,-,,-,,-,,
,"Brown coal",-,,-,,-,,-,,-,,-,,-,,-,,-,,-,,-,,-,,-,,-,,-,,-,,-,,-,,-,,-,,-,,-,,-,,-,,-,,-,,-,,-,,
,"Coke",-,,-,,-,,-,,-,,-,,-,,-,,-,,-,,-,,-,,-,,-,,-,,-,,-,,-,,-,,-,,-,,-,,-,,-,,-,,-,,-,,-,,
,"Petrol coke",-,,-,,-,,-,,-,,-,,-,,-,,-,,-,,-,,-,,-,,-,,-,,-,,-,,-,,-,,-,,-,,-,,-,,-,,-,,-,,-,,-,,
,"Fuel oil",1.9541801,,-,,3.0979919,,-,,-,,-,,-,,0.5527474,,-,,0.876279,,-,,-,,-,,-,,0.0000001,,-,,0.0000001,,-,,-,,-,,-,,0.8813101,,-,,1.3971545,,-,,-,,-,,-,,
,"Gas oil for heating purposes",2.3098913,,-,,0.8255659,,-,,-,,-,,-,,0.2669794,,-,,0.0954197,,-,,-,,-,,-,,0.0000001,,-,,0,,-,,-,,-,,-,,0.4280736,,-,,0.1529955,,-,,-,,-,,-,,
,"Diesel",-,,-,,-,,0.8997462,,-,,-,,-,,-,,-,,-,,2.9153821,,-,,-,,-,,-,,-,,-,,0.828159,,-,,-,,-,,-,,-,,-,,2.0418007,,-,,-,,-,,
,"Gasoline",-,,-,,-,,1.0117935,,-,,-,,-,,-,,-,,-,,0.3222257,,-,,-,,-,,-,,-,,-,,0.3222257,,-,,-,,-,,-,,-,,-,,20.6124627,,-,,-,,-,,
,"Kerosene",-,,-,,-,,-,,-,,-,,-,,-,,-,,-,,-,,-,,-,,-,,-,,-,,-,,-,,-,,-,,-,,-,,-,,-,,-,,-,,-,,-,,
,"LPG",17.3517801,,-,,17.3517801,,-,,-,,-,,-,,0.0000025,,-,,0.0000025,,-,,-,,-,,-,,0.1153003,,-,,0.1153003,,-,,-,,-,,-,,0.2193863,,-,,0.2193863,,-,,-,,-,,-,,
,"Natural gas",10.4838908,,1.2267012,,8.70077,,1.0720208,,-,,-,,-,,16.34807,,1.9128582,,13.5675581,,1.6716572,,-,,-,,-,,12.7210678,,1.4884692,,10.5574435,,1.3007813,,-,,-,,-,,169.8145181,,19.8696905,,140.9321308,,17.3642304,,-,,-,,-,,
,"Electricity",6.797021,,0.2365686,,4.004357,,34.6082613,,-,,12.0419209,,0.0115399,,13.7313187,,0.4779152,,8.0895885,,69.9154922,,-,,24.3270477,,0.0233129,,3.3540243,,0.116736,,1.9759702,,17.0776212,,-,,5.9421466,,0.0056944,,69.368886,,2.414367,,40.867578,,353.204226,,-,,122.897169,,0.117774,,
,"District heat",4.1592198,,0.2015135,,0.2611356,,-,,-,,-,,-,,0.0000484,,0.0000023,,0.000003,,-,,-,,-,,-,,3.8351206,,0.1858109,,0.2407871,,-,,-,,-,,-,,8.6122263,,0.4172609,,0.5407165,,-,,-,,-,,-,,
,"Fuel wood",-,,-,,-,,-,,-,,-,,-,,-,,-,,-,,-,,-,,-,,-,,-,,-,,-,,-,,-,,-,,-,,-,,-,,-,,-,,-,,-,,-,,
,"Biofuels",0.0732848,,-,,0.0183212,,-,,-,,-,,-,,0.2521116,,-,,0.0630279,,-,,-,,-,,-,,0.0547894,,-,,0.0136973,,-,,-,,-,,-,,1.0309684,,-,,0.2577421,,-,,-,,-,,-,,
,"Non-renewable waste",-,,-,,-,,-,,-,,-,,-,,-,,-,,-,,-,,-,,-,,-,,-,,-,,-,,-,,-,,-,,-,,-,,-,,-,,-,,-,,-,,-,,
,"Other fuels",-,,-,,-,,-,,-,,-,,-,,-,,-,,-,,-,,-,,-,,-,,-,,-,,-,,-,,-,,-,,-,,-,,-,,-,,-,,-,,-,,-,,
"Machinery","Hard coal",-,,-,,-,,-,,-,,-,,-,,-,,-,,-,,-,,-,,-,,-,,-,,-,,-,,-,,-,,-,,-,,-,,-,,-,,-,,-,,-,,-,,
,"Brown coal",-,,-,,-,,-,,-,,-,,-,,-,,-,,-,,-,,-,,-,,-,,-,,-,,-,,-,,-,,-,,-,,-,,-,,-,,-,,-,,-,,-,,
,"Coke",-,,-,,-,,-,,-,,-,,-,,-,,-,,-,,-,,-,,-,,-,,-,,-,,-,,-,,-,,-,,-,,-,,-,,-,,-,,-,,-,,-,,
,"Petrol coke",-,,-,,-,,-,,-,,-,,-,,-,,-,,-,,-,,-,,-,,-,,-,,-,,-,,-,,-,,-,,-,,-,,-,,-,,-,,-,,-,,-,,
,"Fuel oil",11.3166509,,0.0045736,,3.9241627,,-,,-,,-,,-,,7.7135526,,0.0031174,,2.674752,,-,,-,,-,,-,,12.1757377,,0.0049208,,4.2220597,,-,,-,,-,,-,,25.7432855,,0.0104041,,8.9267435,,-,,-,,-,,-,,
,"Gas oil for heating purposes",4.8658702,,-,,0.6497387,,-,,-,,-,,-,,2.4505343,,-,,0.3272194,,-,,-,,-,,-,,6.5656426,,-,,0.876709,,-,,-,,-,,-,,12.2273136,,-,,1.6327109,,-,,-,,-,,-,,
,"Diesel",-,,-,,-,,15.8403436,,-,,-,,-,,-,,-,,-,,17.095868,,-,,-,,-,,-,,-,,-,,22.4344719,,-,,-,,-,,-,,-,,-,,38.9557679,,-,,-,,-,,
,"Gasoline",-,,-,,-,,2.3862721,,-,,-,,-,,-,,-,,-,,2.0531041,,-,,-,,-,,-,,-,,-,,2.2714708,,-,,-,,-,,-,,-,,-,,3.827406,,-,,-,,-,,
,"Kerosene",-,,-,,-,,-,,-,,-,,-,,-,,-,,-,,-,,-,,-,,-,,-,,-,,-,,-,,-,,-,,-,,-,,-,,-,,-,,-,,-,,-,,
,"LPG",0.9797143,,-,,3.9550674,,0.1652407,,-,,-,,-,,1.4819385,,-,,5.9825264,,0.2499469,,-,,-,,-,,19.1269493,,-,,77.2147278,,3.2259925,,-,,-,,-,,5.0657531,,-,,20.4502423,,0.8544008,,-,,-,,-,,
,"Natural gas",111.6712883,,5.419104,,152.1393239,,0.37745,,-,,-,,-,,233.2382815,,11.3184198,,317.7604111,,0.7883476,,-,,-,,-,,241.6580987,,11.7270106,,329.2314464,,0.8168067,,-,,-,,-,,672.8741579,,32.6527537,,916.7138757,,2.2743212,,-,,-,,-,,
,"Electricity",68.9255286,,1.6858549,,108.0892344,,369.6561041,,-,,99.2709166,,0.7780869,,141.0041885,,3.4488325,,221.1232194,,756.2228397,,-,,203.0831727,,1.5917688,,88.7382195,,2.170455,,139.1595597,,475.9140071,,-,,127.8064102,,1.0017485,,289.2546969,,7.0749032,,453.6101408,,1551.308586,,-,,416.6029548,,3.2653399,,
,"District heat",42.4836788,,0.2517486,,1.430992,,-,,-,,-,,-,,9.3528159,,0.0554227,,0.315034,,-,,-,,-,,-,,27.8559135,,0.1650678,,0.9382801,,-,,-,,-,,-,,160.1253317,,0.9488662,,5.3935552,,-,,-,,-,,-,,
,"Fuel wood",-,,-,,-,,-,,-,,-,,-,,-,,-,,-,,-,,-,,-,,-,,-,,-,,-,,-,,-,,-,,-,,-,,-,,-,,-,,-,,-,,-,,
,"Biofuels",4.5087895,,0.3786597,,1.0663201,,-,,-,,-,,-,,8.8173381,,0.7405027,,2.0852836,,-,,-,,-,,-,,5.6871115,,0.4776182,,1.344991,,-,,-,,-,,-,,28.0159914,,2.352855,,6.6257283,,-,,-,,-,,-,,
,"Non-renewable waste",0.0014925,,0.0001253,,0.000353,,-,,-,,-,,-,,0.0004804,,0.0000403,,0.0001136,,-,,-,,-,,-,,0.000831,,0.0000698,,0.0001965,,-,,-,,-,,-,,0.0038465,,0.000323,,0.0009097,,-,,-,,-,,-,,
,"Other fuels",1.2590597,,-,,-,,0.0857304,,-,,-,,-,,1.7981931,,-,,-,,0.1224404,,-,,-,,-,,9.7627168,,-,,-,,0.6647511,,-,,-,,-,,4.3459689,,-,,-,,0.2959204,,-,,-,,-,,
"Mining and quarrying","Hard coal",-,,-,,-,,-,,-,,-,,-,,-,,-,,-,,-,,-,,-,,-,,-,,-,,-,,-,,-,,-,,-,,-,,-,,-,,-,,-,,-,,-,,
,"Brown coal",-,,-,,-,,-,,-,,-,,-,,-,,-,,-,,-,,-,,-,,-,,-,,-,,-,,-,,-,,-,,-,,-,,-,,-,,-,,-,,-,,-,,
,"Coke",-,,-,,-,,-,,-,,-,,-,,-,,-,,-,,-,,-,,-,,-,,-,,-,,-,,-,,-,,-,,-,,-,,-,,-,,-,,-,,-,,-,,
,"Petrol coke",-,,-,,-,,-,,-,,-,,-,,-,,-,,-,,-,,-,,-,,-,,-,,-,,-,,-,,-,,-,,-,,-,,-,,-,,-,,-,,-,,-,,
,"Fuel oil",2.1078488,,0.5897476,,0.9316198,,-,,-,,-,,-,,0.5431454,,0.1519648,,0.2400576,,-,,-,,-,,-,,2.2972645,,0.6427436,,1.0153371,,-,,-,,-,,-,,9.5232226,,2.6644691,,4.2090414,,-,,-,,-,,-,,
,"Gas oil for heating purposes",2.4661131,,-,,0.8071987,,-,,-,,-,,-,,0.9805969,,-,,0.3209652,,-,,-,,-,,-,,4.1474905,,-,,1.3575407,,-,,-,,-,,-,,8.7036127,,-,,2.8488331,,-,,-,,-,,-,,
,"Diesel",-,,-,,-,,16.874459,,-,,-,,-,,-,,-,,-,,11.6810706,,-,,-,,-,,-,,-,,-,,26.7420369,,-,,-,,-,,-,,-,,-,,58.7950346,,-,,-,,-,,
,"Gasoline",-,,-,,-,,-,,-,,-,,-,,-,,-,,-,,-,,-,,-,,-,,-,,-,,-,,-,,-,,-,,-,,-,,-,,-,,-,,-,,-,,-,,
,"Kerosene",-,,-,,-,,-,,-,,-,,-,,-,,-,,-,,-,,-,,-,,-,,-,,-,,-,,-,,-,,-,,-,,-,,-,,-,,-,,-,,-,,-,,
,"LPG",0.2176701,,-,,5.6179883,,-,,-,,-,,-,,0.0984676,,-,,2.5414136,,-,,-,,-,,-,,0.4371175,,-,,11.2818505,,-,,-,,-,,-,,0.407261,,-,,10.511265,,-,,-,,-,,-,,
,"Natural gas",5.625749,,80.7361949,,248.5040656,,-,,-,,-,,-,,2.3827939,,34.1959291,,105.254247,,-,,-,,-,,-,,9.9871094,,143.32691,,441.156781,,-,,-,,-,,-,,39.7937485,,571.0876641,,1757.794092,,-,,-,,-,,-,,
,"Electricity",9.4451214,,6.4003126,,6.493521,,270.0869759,,-,,18.2688533,,-,,4.4497901,,3.0153183,,3.0592307,,127.243504,,-,,8.6068308,,-,,18.1209789,,12.2793475,,12.458173,,518.176544,,-,,35.0497881,,-,,24.257421,,16.4375945,,16.676977,,693.6505293,,-,,46.9189591,,-,,
,"District heat",-,,-,,-,,-,,-,,-,,-,,-,,-,,-,,-,,-,,-,,-,,-,,-,,-,,-,,-,,-,,-,,0.2931208,,-,,-,,-,,-,,-,,-,,
,"Fuel wood",-,,-,,-,,-,,-,,-,,-,,-,,-,,-,,-,,-,,-,,-,,-,,-,,-,,-,,-,,-,,-,,-,,-,,-,,-,,-,,-,,-,,
,"Biofuels",-,,-,,-,,1.5709005,,-,,-,,-,,-,,-,,-,,1.2955826,,-,,-,,-,,-,,-,,-,,2.0202228,,-,,-,,-,,-,,-,,-,,4.4543578,,-,,-,,-,,
,"Non-renewable waste",-,,-,,-,,-,,-,,-,,-,,-,,-,,-,,-,,-,,-,,-,,-,,-,,-,,-,,-,,-,,-,,-,,-,,-,,-,,-,,-,,-,,
,"Other fuels",0.1423839,,-,,-,,-,,-,,-,,-,,0.0090401,,-,,-,,-,,-,,-,,-,,0.0382358,,-,,-,,-,,-,,-,,-,,0.0373899,,-,,-,,-,,-,,-,,-,,
"Food and tobacco","Hard coal",-,,-,,-,,-,,-,,-,,-,,-,,-,,-,,-,,-,,-,,-,,-,,-,,-,,-,,-,,-,,-,,-,,-,,-,,-,,-,,-,,-,,
,"Brown coal",-,,-,,-,,-,,-,,-,,-,,-,,-,,-,,-,,-,,-,,-,,-,,-,,-,,-,,-,,-,,-,,-,,-,,-,,-,,-,,-,,-,,
,"Coke",-,,-,,-,,-,,-,,-,,-,,-,,-,,-,,-,,-,,-,,-,,-,,-,,-,,-,,-,,-,,-,,-,,-,,-,,-,,-,,-,,-,,
,"Petrol coke",-,,-,,-,,-,,-,,-,,-,,-,,-,,-,,-,,-,,-,,-,,-,,-,,-,,-,,-,,-,,-,,-,,-,,-,,-,,-,,-,,-,,
,"Fuel oil",3.5618826,,6.7808986,,0.5765402,,-,,-,,-,,-,,6.6857162,,12.7278657,,1.082176,,-,,-,,-,,-,,5.3378898,,10.1619545,,0.8640116,,-,,-,,-,,-,,18.5252247,,35.2672119,,2.9985649,,-,,-,,-,,-,,
,"Gas oil for heating purposes",1.7982528,,2.308585,,0.135325,,-,,-,,-,,-,,2.8484373,,3.6568049,,0.2143552,,-,,-,,-,,-,,4.3590188,,5.5960793,,0.3280318,,-,,-,,-,,-,,14.5445231,,18.672162,,1.0945277,,-,,-,,-,,-,,
,"Diesel",-,,-,,-,,0.0686341,,-,,-,,-,,-,,-,,-,,0.1183017,,-,,-,,-,,-,,-,,-,,0.0764016,,-,,-,,-,,-,,-,,-,,0.3149547,,-,,-,,-,,
,"Gasoline",-,,-,,-,,-,,-,,-,,-,,-,,-,,-,,-,,-,,-,,-,,-,,-,,-,,-,,-,,-,,-,,-,,-,,-,,-,,-,,-,,-,,
,"Kerosene",-,,-,,-,,-,,-,,-,,-,,-,,-,,-,,-,,-,,-,,-,,-,,-,,-,,-,,-,,-,,-,,-,,-,,-,,-,,-,,-,,-,,
,"LPG",0.0052528,,0.1412426,,1.2447733,,0.067849,,-,,-,,-,,0.0085578,,0.2301098,,2.0279617,,0.1105383,,-,,-,,-,,0.2329415,,6.2635369,,55.200654,,3.0088271,,-,,-,,-,,0.0868373,,2.3349594,,20.5780361,,1.1216489,,-,,-,,-,,
,"Natural gas",69.2248179,,352.1312018,,55.3989245,,-,,-,,-,,-,,159.0919994,,809.2655012,,127.3174265,,-,,-,,-,,-,,39.0772151,,198.7770735,,31.2725372,,-,,-,,-,,-,,166.0422127,,844.6196852,,132.8795118,,-,,-,,-,,-,,
,"Electricity",24.0907778,,21.479411,,23.060943,,246.3511903,,-,,52.8158121,,-,,37.343221,,33.2953299,,35.7468695,,381.8700674,,-,,81.8700234,,-,,28.2500679,,25.1878468,,27.0424314,,288.8839005,,-,,61.9345,,-,,64.7196373,,57.7042262,,61.9529963,,661.8200464,,-,,141.889159,,-,,
,"District heat",1.2542434,,17.7938177,,11.3947408,,-,,-,,-,,-,,0.5691964,,8.0751279,,5.1711213,,-,,-,,-,,-,,0.2328442,,3.3033352,,2.1153779,,-,,-,,-,,-,,20.6665247,,293.1937789,,187.7543737,,-,,-,,-,,-,,
,"Fuel wood",-,,0.0047921,,-,,-,,-,,-,,-,,-,,0.0054526,,-,,-,,-,,-,,-,,-,,0.0018098,,-,,-,,-,,-,,-,,-,,0.0066271,,-,,-,,-,,-,,-,,
,"Biofuels",3.0746523,,3.6843108,,-,,-,,-,,-,,-,,14.8314128,,17.7722644,,-,,-,,-,,-,,-,,85.3292512,,102.2487906,,-,,-,,-,,-,,-,,27.0644067,,32.4308817,,-,,-,,-,,-,,-,,
,"Non-renewable waste",-,,-,,-,,-,,-,,-,,-,,-,,-,,-,,-,,-,,-,,-,,-,,-,,-,,-,,-,,-,,-,,-,,-,,-,,-,,-,,-,,-,,
,"Other fuels",0.0325231,,-,,-,,0.0021275,,-,,-,,-,,0.037006,,-,,-,,0.0024208,,-,,-,,-,,0.0122827,,-,,-,,0.0008035,,-,,-,,-,,0.0449771,,-,,-,,0.0029422,,-,,-,,-,,
"Paper, pulp and print","Hard coal",-,,-,,-,,-,,-,,-,,-,,-,,-,,-,,-,,-,,-,,-,,-,,-,,-,,-,,-,,-,,-,,-,,1622.739641,,-,,-,,-,,-,,-,,
,"Brown coal",-,,-,,-,,-,,-,,-,,-,,-,,-,,-,,-,,-,,-,,-,,-,,-,,-,,-,,-,,-,,-,,-,,-,,-,,-,,-,,-,,-,,
,"Coke",-,,-,,-,,-,,-,,-,,-,,-,,-,,-,,-,,-,,-,,-,,-,,-,,-,,-,,-,,-,,-,,-,,-,,-,,-,,-,,-,,-,,
,"Petrol coke",-,,-,,-,,-,,-,,-,,-,,-,,-,,-,,-,,-,,-,,-,,-,,-,,-,,-,,-,,-,,-,,-,,-,,-,,-,,-,,-,,-,,
,"Fuel oil",0.2024966,,1.1967505,,0.0138483,,-,,-,,-,,-,,0.8012886,,4.7355988,,0.0547985,,-,,-,,-,,-,,0.2477698,,1.4643142,,0.0169445,,-,,-,,-,,-,,3.1561166,,18.6525829,,0.2158405,,-,,-,,-,,-,,
,"Gas oil for heating purposes",0.5263353,,0.2007324,,0.0558199,,-,,-,,-,,-,,1.1280234,,0.4302026,,0.1196312,,-,,-,,-,,-,,0.6427678,,0.2451371,,0.068168,,-,,-,,-,,-,,4.1272227,,1.5740293,,0.4377078,,-,,-,,-,,-,,
,"Diesel",-,,-,,-,,0.0228733,,-,,-,,-,,-,,-,,-,,0.0202751,,-,,-,,-,,-,,-,,-,,0.0065831,,-,,-,,-,,-,,-,,-,,0.0360856,,-,,-,,-,,
,"Gasoline",-,,-,,-,,-,,-,,-,,-,,-,,-,,-,,-,,-,,-,,-,,-,,-,,-,,-,,-,,-,,-,,-,,-,,-,,-,,-,,-,,-,,
,"Kerosene",-,,-,,-,,-,,-,,-,,-,,-,,-,,-,,-,,-,,-,,-,,-,,-,,-,,-,,-,,-,,-,,-,,-,,-,,-,,-,,-,,-,,
,"LPG",0.3404371,,-,,3.7661628,,-,,-,,-,,-,,0.5107277,,-,,5.650041,,-,,-,,-,,-,,0.0007408,,-,,0.0081951,,-,,-,,-,,-,,0.0009769,,-,,0.0108074,,-,,-,,-,,-,,
,"Natural gas",3.1218244,,77.9085553,,71.2537393,,-0,,-,,-,,-,,11.0686804,,276.2310679,,252.6358809,,-0,,-,,-,,-,,10.4565517,,260.9547254,,238.6644175,,-0,,-,,-,,-,,184.9985261,,4616.841266,,4222.478554,,-0,,-,,-,,-,,
,"Electricity",74.8660389,,77.2183871,,0.9204841,,763.8995143,,-,,105.8556697,,-,,22.9918746,,23.7142969,,0.282687,,234.598786,,-,,32.509003,,-,,28.8419907,,29.7482281,,0.3546146,,294.2907497,,-,,40.7806836,,-,,395.9693329,,408.4109922,,4.8684754,,4040.293644,,-,,559.8746715,,-,,
,"District heat",0.2105261,,-,,2.1054931,,-,,-,,-,,-,,0.4220421,,-,,4.2208854,,-,,-,,-,,-,,0.3887311,,-,,3.8877388,,-,,-,,-,,-,,43.0594013,,-,,430.6413826,,-,,-,,-,,-,,
,"Fuel wood",-,,-,,-,,-,,-,,-,,-,,-,,-,,-,,-,,-,,-,,-,,-,,-,,-,,-,,-,,-,,-,,-,,-,,-,,-,,-,,-,,-,,
,"Biofuels",31.6194087,,3130.32146,,-,,-,,-,,-,,-,,0.094464,,9.3519362,,-,,-,,-,,-,,-,,0.0237118,,2.3474705,,-,,-,,-,,-,,-,,118.3370102,,11715.36401,,-,,-,,-,,-,,-,,
,"Non-renewable waste",-,,-,,-,,-,,-,,-,,-,,-,,0.3078671,,-,,-,,-,,-,,-,,-,,0.0792083,,-,,-,,-,,-,,-,,-,,0.1114643,,-,,-,,-,,-,,-,,
,"Other fuels",0.0548515,,-,,-,,-,,-,,-,,-,,1.2215239,,-,,-,,-,,-,,-,,-,,0.0668642,,-,,-,,-,,-,,-,,-,,0.0715082,,-,,-,,-,,-,,-,,-,,
"Wood and wood products","Hard coal",-,,-,,-,,-,,-,,-,,-,,-,,-,,-,,-,,-,,-,,-,,-,,-,,-,,-,,-,,-,,-,,-,,-,,-,,-,,-,,-,,-,,
,"Brown coal",-,,-,,-,,-,,-,,-,,-,,-,,-,,-,,-,,-,,-,,-,,-,,-,,-,,-,,-,,-,,-,,-,,-,,-,,-,,-,,-,,-,,
,"Coke",-,,-,,-,,-,,-,,-,,-,,-,,-,,-,,-,,-,,-,,-,,-,,-,,-,,-,,-,,-,,-,,-,,-,,-,,-,,-,,-,,-,,
,"Petrol coke",-,,-,,-,,-,,-,,-,,-,,-,,-,,-,,-,,-,,-,,-,,-,,-,,-,,-,,-,,-,,-,,-,,-,,-,,-,,-,,-,,-,,
,"Fuel oil",11.8299464,,-,,1.4204416,,-,,-,,-,,-,,6.5854106,,-,,0.7907213,,-,,-,,-,,-,,10.1983648,,-,,1.2245348,,-,,-,,-,,-,,12.5730233,,-,,1.5096641,,-,,-,,-,,-,,
,"Gas oil for heating purposes",3.0640314,,-,,0.3679034,,-,,-,,-,,-,,1.70454,,-,,0.204667,,-,,-,,-,,-,,2.6387136,,-,,0.3168348,,-,,-,,-,,-,,3.2564931,,-,,0.3910126,,-,,-,,-,,-,,
,"Diesel",-,,-,,-,,14.1435082,,-,,-,,-,,-,,-,,-,,2.3050119,,-,,-,,-,,-,,-,,-,,23.4578748,,-,,-,,-,,-,,-,,-,,18.9146822,,-,,-,,-,,
,"Gasoline",-,,-,,-,,-,,-,,-,,-,,-,,-,,-,,-,,-,,-,,-,,-,,-,,-,,-,,-,,-,,-,,-,,-,,-,,-,,-,,-,,-,,
,"Kerosene",-,,-,,-,,-,,-,,-,,-,,-,,-,,-,,-,,-,,-,,-,,-,,-,,-,,-,,-,,-,,-,,-,,-,,-,,-,,-,,-,,-,,
,"LPG",-,,-,,-,,0.8806991,,-,,-,,-,,-,,-,,-,,0.4747993,,-,,-,,-,,-,,-,,-,,18.6162427,,-,,-,,-,,-,,-,,-,,0.9360187,,-,,-,,-,,
,"Natural gas",46.9576143,,367.9225807,,171.3571866,,-,,-,,-,,-,,2.1828488,,17.10307,,7.9656268,,-,,-,,-,,-,,42.4972094,,332.9743901,,155.0803286,,-,,-,,-,,-,,6.0919025,,47.7313108,,22.2305006,,-,,-,,-,,-,,
,"Electricity",53.2737072,,30.0797123,,12.8050181,,1021.985404,,-,,89.8767306,,-,,5.9218419,,3.343625,,1.4233906,,113.6026817,,-,,9.9905904,,-,,56.8235844,,32.0840647,,13.6582765,,1090.085088,,-,,95.865639,,-,,39.6451682,,22.3846868,,9.5292241,,760.5399611,,-,,66.8843654,,-,,
,"District heat",49.4344831,,4.1235359,,106.2689551,,-,,-,,-,,-,,12.0504939,,1.0051818,,25.9048607,,-,,-,,-,,-,,17.9196225,,1.4947503,,38.5216844,,-,,-,,-,,-,,109.9745019,,9.1734308,,236.4114009,,-,,-,,-,,-,,
,"Fuel wood",-,,-,,-,,-,,-,,-,,-,,-,,-,,-,,-,,-,,-,,-,,-,,-,,-,,-,,-,,-,,-,,-,,-,,-,,-,,-,,-,,-,,
,"Biofuels",109.6676464,,-,,1247.605205,,-,,-,,-,,-,,49.060482,,-,,558.1237008,,-,,-,,-,,-,,157.6948828,,-,,1793.974459,,-,,-,,-,,-,,71.5858881,,-,,814.3780735,,-,,-,,-,,-,,
,"Non-renewable waste",4.2160729,,-,,47.9630471,,-,,-,,-,,-,,-,,-,,-,,-,,-,,-,,-,,0.4348809,,-,,4.9473081,,-,,-,,-,,-,,-,,-,,-,,-,,-,,-,,-,,
,"Other fuels",-,,-,,-,,-,,-,,-,,-,,-,,-,,-,,-,,-,,-,,-,,-,,-,,-,,-,,-,,-,,-,,-,,-,,-,,-,,-,,-,,-,,
"Construction","Hard coal",-,,-,,-,,-,,-,,-,,-,,-,,-,,-,,-,,-,,-,,-,,-,,-,,-,,-,,-,,-,,-,,-,,-,,-,,-,,-,,-,,-,,
,"Brown coal",-,,-,,-,,-,,-,,-,,-,,-,,-,,-,,-,,-,,-,,-,,-,,-,,-,,-,,-,,-,,-,,-,,-,,-,,-,,-,,-,,-,,
,"Coke",-,,-,,-,,-,,-,,-,,-,,-,,-,,-,,-,,-,,-,,-,,-,,-,,-,,-,,-,,-,,-,,-,,-,,-,,-,,-,,-,,-,,
,"Petrol coke",-,,-,,-,,-,,-,,-,,-,,-,,-,,-,,-,,-,,-,,-,,-,,-,,-,,-,,-,,-,,-,,-,,-,,-,,-,,-,,-,,-,,
,"Fuel oil",11.748785,,-,,4.8408578,,-,,-,,-,,-,,9.9691985,,-,,4.1076138,,-,,-,,-,,-,,23.471505,,-,,9.6709759,,-,,-,,-,,-,,27.0834049,,-,,11.1591888,,-,,-,,-,,-,,
,"Gas oil for heating purposes",5.2485996,,-,,2.1625831,,-,,-,,-,,-,,3.3313538,,-,,1.3726194,,-,,-,,-,,-,,8.0901713,,-,,3.3333973,,-,,-,,-,,-,,10.6323698,,-,,4.3808607,,-,,-,,-,,-,,
,"Diesel",-,,-,,-,,423.875553,,-,,-,,-,,-,,-,,-,,406.1377981,,-,,-,,-,,-,,-,,-,,901.0224755,,-,,-,,-,,-,,-,,-,,1038.233517,,-,,-,,-,,
,"Gasoline",-,,-,,-,,2.6114523,,-,,-,,-,,-,,-,,-,,2.7337835,,-,,-,,-,,-,,-,,-,,2.7337835,,-,,-,,-,,-,,-,,-,,5.467777,,-,,-,,-,,
,"Kerosene",-,,-,,-,,-,,-,,-,,-,,-,,-,,-,,-,,-,,-,,-,,-,,-,,-,,-,,-,,-,,-,,-,,-,,-,,-,,-,,-,,-,,
,"LPG",1.0550618,,-,,7.2049943,,0.0935605,,-,,-,,-,,0.5681329,,-,,3.8797675,,0.0503807,,-,,-,,-,,1.5344172,,-,,10.4785023,,0.1360687,,-,,-,,-,,1.6229779,,-,,11.0832816,,0.143922,,-,,-,,-,,
,"Natural gas",27.8130374,,4.0173226,,20.2642321,,0.1462744,,-,,-,,-,,36.8558827,,5.3234737,,26.8527365,,0.1938326,,-,,-,,-,,42.787783,,6.1802789,,31.174645,,0.2250297,,-,,-,,-,,79.0513228,,11.4181944,,57.5958079,,0.415747,,-,,-,,-,,
,"Electricity",21.0774745,,-,,1.3456175,,57.3047463,,-,,36.2620722,,0.0116002,,16.3298263,,-,,1.0425206,,44.3969962,,-,,28.0941316,,0.0089872,,39.624099,,-,,2.5296618,,107.7287006,,-,,68.1700239,,0.0218074,,45.1973353,,-,,2.8854655,,122.8810327,,-,,77.7583215,,0.0248747,,
,"District heat",14.3169912,,-,,-,,-,,-,,-,,-,,8.5093143,,-,,-,,-,,-,,-,,-,,16.52676,,-,,-,,-,,-,,-,,-,,20.7068801,,-,,-,,-,,-,,-,,-,,
,"Fuel wood",0.1081561,,-,,-,,-,,-,,-,,-,,0.0823658,,-,,-,,-,,-,,-,,-,,0.161308,,-,,-,,-,,-,,-,,-,,0.2112035,,-,,-,,-,,-,,-,,-,,
,"Biofuels",33.7756108,,-,,2.0377821,,-,,-,,-,,-,,34.1999017,,-,,2.0633808,,-,,-,,-,,-,,65.5106621,,-,,3.9524511,,-,,-,,-,,-,,87.9434771,,-,,5.3058889,,-,,-,,-,,-,,
,"Non-renewable waste",4.4554393,,-,,-,,-,,-,,-,,-,,1.1031359,,-,,-,,-,,-,,-,,-,,0.0853092,,-,,-,,-,,-,,-,,-,,0.1116969,,-,,-,,-,,-,,-,,-,,
,"Other fuels",1.0554089,,-,,-,,0.0692809,,-,,-,,-,,1.1211956,,-,,-,,0.0735994,,-,,-,,-,,1.2068356,,-,,-,,0.0792211,,-,,-,,-,,1.0157619,,-,,-,,0.0666783,,-,,-,,-,,
"Textile and leather","Hard coal",-,,-,,-,,-,,-,,-,,-,,-,,-,,-,,-,,-,,-,,-,,-,,-,,-,,-,,-,,-,,-,,-,,-,,-,,-,,-,,-,,-,,
,"Brown coal",-,,-,,-,,-,,-,,-,,-,,-,,-,,-,,-,,-,,-,,-,,-,,-,,-,,-,,-,,-,,-,,-,,-,,-,,-,,-,,-,,-,,
,"Coke",-,,-,,-,,-,,-,,-,,-,,-,,-,,-,,-,,-,,-,,-,,-,,-,,-,,-,,-,,-,,-,,-,,-,,-,,-,,-,,-,,-,,
,"Petrol coke",-,,-,,-,,-,,-,,-,,-,,-,,-,,-,,-,,-,,-,,-,,-,,-,,-,,-,,-,,-,,-,,-,,-,,-,,-,,-,,-,,-,,
,"Fuel oil",0.317946,,0.1529456,,-,,-,,-,,-,,-,,0.8628562,,0.4150707,,-,,-,,-,,-,,-,,0.7104096,,0.3417373,,-,,-,,-,,-,,-,,0.818637,,0.3937993,,-,,-,,-,,-,,-,,
,"Gas oil for heating purposes",0.0807621,,0.03885,,-,,-,,-,,-,,-,,0.2210797,,0.1063488,,-,,-,,-,,-,,-,,0.6495074,,0.3124407,,-,,-,,-,,-,,-,,0.2118325,,0.1019005,,-,,-,,-,,-,,-,,
,"Diesel",-,,-,,-,,0.588894,,-,,-,,-,,-,,-,,-,,0.594213,,-,,-,,-,,-,,-,,-,,0.7289419,,-,,-,,-,,-,,-,,-,,0.8009269,,-,,-,,-,,
,"Gasoline",-,,-,,-,,-,,-,,-,,-,,-,,-,,-,,-,,-,,-,,-,,-,,-,,-,,-,,-,,-,,-,,-,,-,,-,,-,,-,,-,,-,,
,"Kerosene",-,,-,,-,,-,,-,,-,,-,,-,,-,,-,,-,,-,,-,,-,,-,,-,,-,,-,,-,,-,,-,,-,,-,,-,,-,,-,,-,,-,,
,"LPG",-,,-,,-,,0.0025393,,-,,-,,-,,-,,-,,-,,0.0154402,,-,,-,,-,,-,,-,,-,,0.005492,,-,,-,,-,,-,,-,,-,,0.0015692,,-,,-,,-,,
,"Natural gas",4.6781544,,10.7307862,,-,,-,,-,,-,,-,,167.8877001,,385.1020894,,-,,-,,-,,-,,-,,19.060386,,43.7208591,,-,,-,,-,,-,,-,,175.0136067,,401.4475484,,-,,-,,-,,-,,-,,
,"Electricity",2.0669124,,0.8433109,,-,,8.8747799,,-,,1.558524,,-,,45.1253037,,18.411357,,-,,193.7562265,,-,,34.0260521,,-,,22.4082552,,9.1426839,,-,,96.2151747,,-,,16.8966056,,-,,49.7129566,,20.283143,,-,,213.4544057,,-,,37.4853023,,-,,
,"District heat",3.5325158,,-,,-,,-,,-,,-,,-,,0.5838425,,-,,-,,-,,-,,-,,-,,2.2044858,,-,,-,,-,,-,,-,,-,,2.2718143,,-,,-,,-,,-,,-,,-,,
,"Fuel wood",-,,-,,-,,-,,-,,-,,-,,-,,-,,-,,-,,-,,-,,-,,-,,-,,-,,-,,-,,-,,-,,-,,-,,-,,-,,-,,-,,-,,
,"Biofuels",1.9216953,,-,,-,,-,,-,,-,,-,,2.5266346,,-,,-,,-,,-,,-,,-,,0.3928211,,-,,-,,-,,-,,-,,-,,0.3606901,,-,,-,,-,,-,,-,,-,,
,"Non-renewable waste",-,,-,,-,,-,,-,,-,,-,,-,,-,,-,,-,,-,,-,,-,,-,,-,,-,,-,,-,,-,,-,,-,,-,,-,,-,,-,,-,,-,,
,"Other fuels",0.0001633,,-,,-,,-,,-,,-,,-,,0.0028069,,-,,-,,-,,-,,-,,-,,0.0175172,,-,,-,,-,,-,,-,,-,,0.0052487,,-,,-,,-,,-,,-,,-,,
"Non-specified","Hard coal",-,,-,,-,,-,,-,,-,,-,,-,,-,,-,,-,,-,,-,,-,,-,,-,,-,,-,,-,,-,,-,,-,,-,,-,,-,,-,,-,,-,,
,"Brown coal",-,,-,,-,,-,,-,,-,,-,,-,,-,,-,,-,,-,,-,,-,,-,,-,,-,,-,,-,,-,,-,,-,,-,,-,,-,,-,,-,,-,,
,"Coke",-,,-,,-,,-,,-,,-,,-,,-,,-,,-,,-,,-,,-,,-,,-,,-,,-,,-,,-,,-,,-,,-,,-,,-,,-,,-,,-,,-,,
,"Petrol coke",-,,-,,-,,-,,-,,-,,-,,-,,-,,-,,-,,-,,-,,-,,-,,-,,-,,-,,-,,-,,-,,-,,-,,-,,-,,-,,-,,-,,
,"Fuel oil",1.3360669,,0.344992,,0.2614635,,-,,-,,-,,-,,2.4108277,,0.6225109,,0.4717904,,-,,-,,-,,-,,3.5129663,,0.9070992,,0.6874749,,-,,-,,-,,-,,4.1286528,,1.0660784,,0.8079626,,-,,-,,-,,-,,
,"Gas oil for heating purposes",8.9036922,,-,,-,,-,,-,,-,,-,,1.1538185,,-,,-,,-,,-,,-,,-,,6.7621777,,-,,-,,-,,-,,-,,-,,2.1856074,,-,,-,,-,,-,,-,,-,,
,"Diesel",-,,-,,-,,1.0661397,,-,,-,,-,,-,,-,,-,,0.9047744,,-,,-,,-,,-,,-,,-,,1.2073306,,-,,-,,-,,-,,-,,-,,1.0935821,,-,,-,,-,,
,"Gasoline",-,,-,,-,,-,,-,,-,,-,,-,,-,,-,,-,,-,,-,,-,,-,,-,,-,,-,,-,,-,,-,,-,,-,,-,,-,,-,,-,,-,,
,"Kerosene",-,,-,,-,,-,,-,,-,,-,,-,,-,,-,,-,,-,,-,,-,,-,,-,,-,,-,,-,,-,,-,,-,,-,,-,,-,,-,,-,,-,,
,"LPG",0.1068797,,-,,1.5265246,,0.0083731,,-,,-,,-,,0.025367,,-,,0.3623075,,0.0019873,,-,,-,,-,,0.0527053,,-,,0.7527707,,0.004129,,-,,-,,-,,0.0769909,,-,,1.0996328,,0.0060315,,-,,-,,-,,
,"Natural gas",10.573217,,7.1227555,,6.3993884,,0.0168786,,-,,-,,-,,101.8194358,,68.591702,,61.6257201,,0.1625396,,-,,-,,-,,61.4163294,,41.3737371,,37.1719358,,0.098042,,-,,-,,-,,36.7414999,,24.7512864,,22.2376148,,0.0586523,,-,,-,,-,,
,"Electricity",22.4386244,,31.7715036,,27.1712547,,202.3447636,,-,,47.2270163,,-,,27.1451839,,38.4356586,,32.8704955,,244.7871005,,-,,57.133005,,-,,24.6370469,,34.8843143,,29.8333563,,222.1694765,,-,,51.8540797,,-,,17.7351651,,25.1117382,,21.4757678,,159.930383,,-,,37.3275526,,-,,
,"District heat",17.5131542,,1.416477,,21.4917251,,-,,-,,-,,-,,5.2586669,,0.4253249,,6.4533106,,-,,-,,-,,-,,3.3426587,,0.2703567,,4.102031,,-,,-,,-,,-,,11.8002924,,0.9544165,,14.4810373,,-,,-,,-,,-,,
,"Fuel wood",1.1390086,,-,,-,,-,,-,,-,,-,,0.7631653,,-,,-,,-,,-,,-,,-,,1.6830298,,-,,-,,-,,-,,-,,-,,1.4301883,,-,,-,,-,,-,,-,,-,,
,"Biofuels",18.5460652,,-,,-,,-,,-,,-,,-,,12.2724075,,-,,-,,-,,-,,-,,-,,36.1036347,,-,,-,,-,,-,,-,,-,,21.243935,,-,,-,,-,,-,,-,,-,,
,"Non-renewable waste",3.4589266,,-,,-,,-,,-,,-,,-,,2.3176021,,-,,-,,-,,-,,-,,-,,13.8077544,,-,,-,,-,,-,,-,,-,,4.3446132,,-,,-,,-,,-,,-,,-,,
,"Other fuels",0.0925619,,-,,-,,-,,-,,-,,-,,0.1067843,,-,,-,,-,,-,,-,,-,,0.7353173,,-,,-,,-,,-,,-,,-,,0.289205,,-,,-,,-,,-,,-,,-,,
"Rail","Hard coal",-,,-,,-,,-,,-,,-,,-,,-,,-,,-,,-,,-,,-,,-,,-,,-,,-,,-,,1.8467008,,-,,-,,-,,-,,-,,-,,-,,-,,-,,
,"Brown coal",-,,-,,-,,-,,-,,-,,-,,-,,-,,-,,-,,-,,-,,-,,-,,-,,-,,-,,-,,-,,-,,-,,-,,-,,-,,-,,-,,-,,
,"Coke",-,,-,,-,,-,,-,,-,,-,,-,,-,,-,,-,,-,,-,,-,,-,,-,,-,,-,,-,,-,,-,,-,,-,,-,,-,,-,,-,,-,,
,"Petrol coke",-,,-,,-,,-,,-,,-,,-,,-,,-,,-,,-,,-,,-,,-,,-,,-,,-,,-,,-,,-,,-,,-,,-,,-,,-,,-,,-,,-,,
,"Fuel oil",-,,-,,-,,-,,-,,-,,-,,-,,-,,-,,-,,-,,-,,-,,-,,-,,-,,-,,-,,-,,-,,-,,-,,-,,-,,-,,-,,-,,
,"Gas oil for heating purposes",-,,-,,-,,-,,-,,-,,-,,-,,-,,-,,-,,-,,-,,-,,-,,-,,-,,-,,-,,-,,-,,-,,-,,-,,-,,-,,-,,-,,
,"Diesel",-,,-,,-,,-,,111.0734643,,-,,-,,-,,-,,-,,-,,70.0422137,,-,,-,,-,,-,,-,,-,,178.07042,,-,,-,,-,,-,,-,,-,,175.2832924,,-,,-,,
,"Gasoline",-,,-,,-,,-,,-,,-,,-,,-,,-,,-,,-,,-,,-,,-,,-,,-,,-,,-,,-,,-,,-,,-,,-,,-,,-,,-,,-,,-,,
,"Kerosene",-,,-,,-,,-,,-,,-,,-,,-,,-,,-,,-,,-,,-,,-,,-,,-,,-,,-,,-,,-,,-,,-,,-,,-,,-,,-,,-,,-,,
,"LPG",-,,-,,-,,-,,-,,-,,-,,-,,-,,-,,-,,-,,-,,-,,-,,-,,-,,-,,-,,-,,-,,-,,-,,-,,-,,-,,-,,-,,
,"Natural gas",-,,-,,-,,-,,-,,-,,-,,-,,-,,-,,-,,-,,-,,-,,-,,-,,-,,-,,-,,-,,-,,-,,-,,-,,-,,-,,-,,-,,
,"Electricity",-,,-,,-,,-,,514.5905136,,-,,-,,-,,-,,-,,-,,318.9001942,,-,,-,,-,,-,,-,,-,,767.3559202,,-,,-,,-,,-,,-,,-,,514.0132543,,-,,-,,
,"District heat",-,,-,,-,,-,,-,,-,,-,,-,,-,,-,,-,,-,,-,,-,,-,,-,,-,,-,,-,,-,,-,,-,,-,,-,,-,,-,,-,,-,,
,"Fuel wood",-,,-,,-,,-,,-,,-,,-,,-,,-,,-,,-,,-,,-,,-,,-,,-,,-,,-,,-,,-,,-,,-,,-,,-,,-,,-,,-,,-,,
,"Biofuels",-,,-,,-,,-,,6.4812664,,-,,-,,-,,-,,-,,-,,4.087045,,-,,-,,-,,-,,-,,-,,10.390617,,-,,-,,-,,-,,-,,-,,10.2279848,,-,,-,,
,"Non-renewable waste",-,,-,,-,,-,,-,,-,,-,,-,,-,,-,,-,,-,,-,,-,,-,,-,,-,,-,,-,,-,,-,,-,,-,,-,,-,,-,,-,,-,,
,"Other fuels",-,,-,,-,,-,,-,,-,,-,,-,,-,,-,,-,,-,,-,,-,,-,,-,,-,,-,,-,,-,,-,,-,,-,,-,,-,,-,,-,,-,,
"Road","Hard coal",-,,-,,-,,-,,-,,-,,-,,-,,-,,-,,-,,-,,-,,-,,-,,-,,-,,-,,-,,-,,-,,-,,-,,-,,-,,-,,-,,-,,
,"Brown coal",-,,-,,-,,-,,-,,-,,-,,-,,-,,-,,-,,-,,-,,-,,-,,-,,-,,-,,-,,-,,-,,-,,-,,-,,-,,-,,-,,-,,
,"Coke",-,,-,,-,,-,,-,,-,,-,,-,,-,,-,,-,,-,,-,,-,,-,,-,,-,,-,,-,,-,,-,,-,,-,,-,,-,,-,,-,,-,,
,"Petrol coke",-,,-,,-,,-,,-,,-,,-,,-,,-,,-,,-,,-,,-,,-,,-,,-,,-,,-,,-,,-,,-,,-,,-,,-,,-,,-,,-,,-,,
,"Fuel oil",-,,-,,-,,-,,-,,-,,-,,-,,-,,-,,-,,-,,-,,-,,-,,-,,-,,-,,-,,-,,-,,-,,-,,-,,-,,-,,-,,-,,
,"Gas oil for heating purposes",-,,-,,-,,-,,-,,-,,-,,-,,-,,-,,-,,-,,-,,-,,-,,-,,-,,-,,-,,-,,-,,-,,-,,-,,-,,-,,-,,-,,
,"Diesel",-,,-,,-,,-,,16392.71152,,-,,-,,-,,-,,-,,-,,10370.15615,,-,,-,,-,,-,,-,,-,,21700.85675,,-,,-,,-,,-,,-,,-,,39509.79005,,-,,-,,
,"Gasoline",-,,-,,-,,-,,4036.486104,,-,,-,,-,,-,,-,,-,,2981.397547,,-,,-,,-,,-,,-,,-,,5072.326589,,-,,-,,-,,-,,-,,-,,9933.07764,,-,,-,,
,"Kerosene",-,,-,,-,,-,,-,,-,,-,,-,,-,,-,,-,,-,,-,,-,,-,,-,,-,,-,,-,,-,,-,,-,,-,,-,,-,,-,,-,,-,,
,"LPG",-,,-,,-,,-,,8.8855123,,-,,-,,-,,-,,-,,-,,5.5236119,,-,,-,,-,,-,,-,,-,,25.5805506,,-,,-,,-,,-,,-,,-,,23.4116487,,-,,-,,
,"Natural gas",-,,-,,-,,-,,81.8997013,,-,,-,,-,,-,,-,,-,,45.6748334,,-,,-,,-,,-,,-,,-,,170.0993796,,-,,-,,-,,-,,-,,-,,76.5447208,,-,,-,,
,"Electricity",-,,-,,-,,-,,452.4140626,,-,,-,,-,,-,,-,,-,,151.170235,,-,,-,,-,,-,,-,,-,,467.7770593,,-,,-,,-,,-,,-,,-,,990.1975782,,-,,-,,
,"District heat",-,,-,,-,,-,,-,,-,,-,,-,,-,,-,,-,,-,,-,,-,,-,,-,,-,,-,,-,,-,,-,,-,,-,,-,,-,,-,,-,,-,,
,"Fuel wood",-,,-,,-,,-,,-,,-,,-,,-,,-,,-,,-,,-,,-,,-,,-,,-,,-,,-,,-,,-,,-,,-,,-,,-,,-,,-,,-,,-,,
,"Biofuels",-,,-,,-,,-,,1296.878448,,-,,-,,-,,-,,-,,-,,832.1276282,,-,,-,,-,,-,,-,,-,,1701.612541,,-,,-,,-,,-,,-,,-,,3117.33951,,-,,-,,
,"Non-renewable waste",-,,-,,-,,-,,-,,-,,-,,-,,-,,-,,-,,-,,-,,-,,-,,-,,-,,-,,-,,-,,-,,-,,-,,-,,-,,-,,-,,-,,
,"Other fuels",-,,-,,-,,-,,-,,-,,-,,-,,-,,-,,-,,-,,-,,-,,-,,-,,-,,-,,-,,-,,-,,-,,-,,-,,-,,-,,-,,-,,
"Pipeline transport","Hard coal",-,,-,,-,,-,,-,,-,,-,,-,,-,,-,,-,,-,,-,,-,,-,,-,,-,,-,,-,,-,,-,,-,,-,,-,,-,,-,,-,,-,,
,"Brown coal",-,,-,,-,,-,,-,,-,,-,,-,,-,,-,,-,,-,,-,,-,,-,,-,,-,,-,,-,,-,,-,,-,,-,,-,,-,,-,,-,,-,,
,"Coke",-,,-,,-,,-,,-,,-,,-,,-,,-,,-,,-,,-,,-,,-,,-,,-,,-,,-,,-,,-,,-,,-,,-,,-,,-,,-,,-,,-,,
,"Petrol coke",-,,-,,-,,-,,-,,-,,-,,-,,-,,-,,-,,-,,-,,-,,-,,-,,-,,-,,-,,-,,-,,-,,-,,-,,-,,-,,-,,-,,
,"Fuel oil",-,,-,,-,,-,,-,,-,,-,,-,,-,,-,,-,,-,,-,,-,,-,,-,,-,,-,,-,,-,,-,,-,,-,,-,,-,,-,,-,,-,,
,"Gas oil for heating purposes",-,,-,,-,,-,,-,,-,,-,,-,,-,,-,,-,,-,,-,,-,,-,,-,,-,,-,,-,,-,,-,,-,,-,,-,,-,,-,,-,,-,,
,"Diesel",-,,-,,-,,-,,-,,-,,-,,-,,-,,-,,-,,-,,-,,-,,-,,-,,-,,-,,-,,-,,-,,-,,-,,-,,-,,-,,-,,-,,
,"Gasoline",-,,-,,-,,-,,-,,-,,-,,-,,-,,-,,-,,-,,-,,-,,-,,-,,-,,-,,-,,-,,-,,-,,-,,-,,-,,-,,-,,-,,
,"Kerosene",-,,-,,-,,-,,-,,-,,-,,-,,-,,-,,-,,-,,-,,-,,-,,-,,-,,-,,-,,-,,-,,-,,-,,-,,-,,-,,-,,-,,
,"LPG",-,,-,,-,,-,,-,,-,,-,,-,,-,,-,,-,,-,,-,,-,,-,,-,,-,,-,,-,,-,,-,,-,,-,,-,,-,,-,,-,,-,,
,"Natural gas",-,,-,,-,,-,,-,,-,,-,,-,,-,,-,,-,,-,,-,,-,,-,,-,,-,,-,,-,,-,,-,,-,,-,,-,,-,,3249.837783,,-,,-,,
,"Electricity",-,,-,,-,,-,,-,,-,,-,,-,,-,,-,,-,,-,,-,,-,,-,,-,,-,,-,,337.2912,,-,,-,,-,,-,,-,,-,,-,,-,,-,,
,"District heat",-,,-,,-,,-,,-,,-,,-,,-,,-,,-,,-,,-,,-,,-,,-,,-,,-,,-,,-,,-,,-,,-,,-,,-,,-,,-,,-,,-,,
,"Fuel wood",-,,-,,-,,-,,-,,-,,-,,-,,-,,-,,-,,-,,-,,-,,-,,-,,-,,-,,-,,-,,-,,-,,-,,-,,-,,-,,-,,-,,
,"Biofuels",-,,-,,-,,-,,-,,-,,-,,-,,-,,-,,-,,-,,-,,-,,-,,-,,-,,-,,-,,-,,-,,-,,-,,-,,-,,-,,-,,-,,
,"Non-renewable waste",-,,-,,-,,-,,-,,-,,-,,-,,-,,-,,-,,-,,-,,-,,-,,-,,-,,-,,-,,-,,-,,-,,-,,-,,-,,-,,-,,-,,
,"Other fuels",-,,-,,-,,-,,-,,-,,-,,-,,-,,-,,-,,-,,-,,-,,-,,-,,-,,-,,-,,-,,-,,-,,-,,-,,-,,-,,-,,-,,
"Domestic navigation","Hard coal",-,,-,,-,,-,,-,,-,,-,,-,,-,,-,,-,,-,,-,,-,,-,,-,,-,,-,,-,,-,,-,,-,,-,,-,,-,,-,,-,,-,,
,"Brown coal",-,,-,,-,,-,,-,,-,,-,,-,,-,,-,,-,,-,,-,,-,,-,,-,,-,,-,,-,,-,,-,,-,,-,,-,,-,,-,,-,,-,,
,"Coke",-,,-,,-,,-,,-,,-,,-,,-,,-,,-,,-,,-,,-,,-,,-,,-,,-,,-,,-,,-,,-,,-,,-,,-,,-,,-,,-,,-,,
,"Petrol coke",-,,-,,-,,-,,-,,-,,-,,-,,-,,-,,-,,-,,-,,-,,-,,-,,-,,-,,-,,-,,-,,-,,-,,-,,-,,-,,-,,-,,
,"Fuel oil",-,,-,,-,,-,,-,,-,,-,,-,,-,,-,,-,,-,,-,,-,,-,,-,,-,,-,,-,,-,,-,,-,,-,,-,,-,,-,,-,,-,,
,"Gas oil for heating purposes",-,,-,,-,,-,,-,,-,,-,,-,,-,,-,,-,,-,,-,,-,,-,,-,,-,,-,,-,,-,,-,,-,,-,,-,,-,,-,,-,,-,,
,"Diesel",-,,-,,-,,-,,6.0333533,,-,,-,,-,,-,,-,,-,,7.6788133,,-,,-,,-,,-,,-,,-,,12.980851,,-,,-,,-,,-,,-,,-,,1.2798022,,-,,-,,
,"Gasoline",-,,-,,-,,-,,0.3349111,,-,,-,,-,,-,,-,,-,,0.4262505,,-,,-,,-,,-,,-,,-,,0.7205664,,-,,-,,-,,-,,-,,-,,0.0710418,,-,,-,,
,"Kerosene",-,,-,,-,,-,,-,,-,,-,,-,,-,,-,,-,,-,,-,,-,,-,,-,,-,,-,,-,,-,,-,,-,,-,,-,,-,,-,,-,,-,,
,"LPG",-,,-,,-,,-,,-,,-,,-,,-,,-,,-,,-,,-,,-,,-,,-,,-,,-,,-,,-,,-,,-,,-,,-,,-,,-,,-,,-,,-,,
,"Natural gas",-,,-,,-,,-,,-,,-,,-,,-,,-,,-,,-,,-,,-,,-,,-,,-,,-,,-,,-,,-,,-,,-,,-,,-,,-,,-,,-,,-,,
,"Electricity",-,,-,,-,,-,,-,,-,,-,,-,,-,,-,,-,,-,,-,,-,,-,,-,,-,,-,,-,,-,,-,,-,,-,,-,,-,,-,,-,,-,,
,"District heat",-,,-,,-,,-,,-,,-,,-,,-,,-,,-,,-,,-,,-,,-,,-,,-,,-,,-,,-,,-,,-,,-,,-,,-,,-,,-,,-,,-,,
,"Fuel wood",-,,-,,-,,-,,-,,-,,-,,-,,-,,-,,-,,-,,-,,-,,-,,-,,-,,-,,-,,-,,-,,-,,-,,-,,-,,-,,-,,-,,
,"Biofuels",-,,-,,-,,-,,-,,-,,-,,-,,-,,-,,-,,-,,-,,-,,-,,-,,-,,-,,-,,-,,-,,-,,-,,-,,-,,-,,-,,-,,
,"Non-renewable waste",-,,-,,-,,-,,-,,-,,-,,-,,-,,-,,-,,-,,-,,-,,-,,-,,-,,-,,-,,-,,-,,-,,-,,-,,-,,-,,-,,-,,
,"Other fuels",-,,-,,-,,-,,-,,-,,-,,-,,-,,-,,-,,-,,-,,-,,-,,-,,-,,-,,-,,-,,-,,-,,-,,-,,-,,-,,-,,-,,
"Aviation","Hard coal",-,,-,,-,,-,,-,,-,,-,,-,,-,,-,,-,,-,,-,,-,,-,,-,,-,,-,,-,,-,,-,,-,,-,,-,,-,,-,,-,,-,,
,"Brown coal",-,,-,,-,,-,,-,,-,,-,,-,,-,,-,,-,,-,,-,,-,,-,,-,,-,,-,,-,,-,,-,,-,,-,,-,,-,,-,,-,,-,,
,"Coke",-,,-,,-,,-,,-,,-,,-,,-,,-,,-,,-,,-,,-,,-,,-,,-,,-,,-,,-,,-,,-,,-,,-,,-,,-,,-,,-,,-,,
,"Petrol coke",-,,-,,-,,-,,-,,-,,-,,-,,-,,-,,-,,-,,-,,-,,-,,-,,-,,-,,-,,-,,-,,-,,-,,-,,-,,-,,-,,-,,
,"Fuel oil",-,,-,,-,,-,,-,,-,,-,,-,,-,,-,,-,,-,,-,,-,,-,,-,,-,,-,,-,,-,,-,,-,,-,,-,,-,,-,,-,,-,,
,"Gas oil for heating purposes",-,,-,,-,,-,,-,,-,,-,,-,,-,,-,,-,,-,,-,,-,,-,,-,,-,,-,,-,,-,,-,,-,,-,,-,,-,,-,,-,,-,,
,"Diesel",-,,-,,-,,-,,-,,-,,-,,-,,-,,-,,-,,-,,-,,-,,-,,-,,-,,-,,-,,-,,-,,-,,-,,-,,-,,-,,-,,-,,
,"Gasoline",-,,-,,-,,-,,9.5143211,,-,,-,,-,,-,,-,,-,,3.4314455,,-,,-,,-,,-,,-,,-,,10.2655008,,-,,-,,-,,-,,-,,-,,13.8699604,,-,,-,,
,"Kerosene",-,,-,,-,,-,,2200.210577,,-,,-,,-,,-,,-,,-,,43.2344218,,-,,-,,-,,-,,-,,-,,1644.108188,,-,,-,,-,,-,,-,,-,,2016.850574,,-,,-,,
,"LPG",-,,-,,-,,-,,-,,-,,-,,-,,-,,-,,-,,-,,-,,-,,-,,-,,-,,-,,-,,-,,-,,-,,-,,-,,-,,-,,-,,-,,
,"Natural gas",-,,-,,-,,-,,-,,-,,-,,-,,-,,-,,-,,-,,-,,-,,-,,-,,-,,-,,-,,-,,-,,-,,-,,-,,-,,-,,-,,-,,
,"Electricity",-,,-,,-,,-,,-,,-,,-,,-,,-,,-,,-,,-,,-,,-,,-,,-,,-,,-,,-,,-,,-,,-,,-,,-,,-,,-,,-,,-,,
,"District heat",-,,-,,-,,-,,-,,-,,-,,-,,-,,-,,-,,-,,-,,-,,-,,-,,-,,-,,-,,-,,-,,-,,-,,-,,-,,-,,-,,-,,
,"Fuel wood",-,,-,,-,,-,,-,,-,,-,,-,,-,,-,,-,,-,,-,,-,,-,,-,,-,,-,,-,,-,,-,,-,,-,,-,,-,,-,,-,,-,,
,"Biofuels",-,,-,,-,,-,,-,,-,,-,,-,,-,,-,,-,,-,,-,,-,,-,,-,,-,,-,,-,,-,,-,,-,,-,,-,,-,,-,,-,,-,,
,"Non-renewable waste",-,,-,,-,,-,,-,,-,,-,,-,,-,,-,,-,,-,,-,,-,,-,,-,,-,,-,,-,,-,,-,,-,,-,,-,,-,,-,,-,,-,,
,"Other fuels",-,,-,,-,,-,,-,,-,,-,,-,,-,,-,,-,,-,,-,,-,,-,,-,,-,,-,,-,,-,,-,,-,,-,,-,,-,,-,,-,,-,,
"Commerce and public services","Hard coal",-,,-,,-,,-,,-,,-,,-,,-,,-,,-,,-,,-,,-,,-,,-,,-,,-,,-,,-,,-,,-,,-,,-,,-,,-,,-,,-,,-,,
,"Brown coal",-,,-,,-,,-,,-,,-,,-,,-,,-,,-,,-,,-,,-,,-,,-,,-,,-,,-,,-,,-,,-,,-,,-,,-,,-,,-,,-,,-,,
,"Coke",-,,-,,-,,-,,-,,-,,-,,-,,-,,-,,-,,-,,-,,-,,-,,-,,-,,-,,-,,-,,-,,-,,-,,-,,-,,-,,-,,-,,
,"Petrol coke",-,,-,,-,,-,,-,,-,,-,,-,,-,,-,,-,,-,,-,,-,,-,,-,,-,,-,,-,,-,,-,,-,,-,,-,,-,,-,,-,,-,,
,"Fuel oil",1.7300843,,0.2095561,,0.0451849,,0.1007751,,-,,-,,-,,0.6859696,,0.0830879,,0.0179156,,0.0399568,,-,,-,,-,,2.1110531,,0.2557009,,0.0551347,,0.1229661,,-,,-,,-,,1.9579203,,0.2371527,,0.0511353,,0.1140463,,-,,-,,-,,
,"Gas oil for heating purposes",550.5693707,,8.3553554,,9.8793517,,-,,-,,-,,-,,227.9950802,,3.460018,,4.0911168,,-,,-,,-,,-,,647.331614,,9.8238042,,11.615642,,-,,-,,-,,-,,619.1950978,,9.3968088,,11.1107637,,-,,-,,-,,-,,
,"Diesel",-,,-,,0.2929978,,136.6789617,,-,,-,,-,,-,,-,,0.1231567,,57.4507314,,-,,-,,-,,-,,-,,0.5057047,,235.9034603,,-,,-,,-,,-,,-,,0.4505712,,210.1845663,,-,,-,,-,,
,"Gasoline",-,,-,,0.0411178,,1.2021826,,-,,-,,-,,-,,-,,0.0019131,,0.0559335,,-,,-,,-,,-,,-,,0.0060898,,0.1780492,,-,,-,,-,,-,,-,,0.0579614,,1.694646,,-,,-,,-,,
,"Kerosene",-,,-,,-,,-,,-,,-,,-,,-,,-,,-,,-,,-,,-,,-,,-,,-,,-,,-,,-,,-,,-,,-,,-,,-,,-,,-,,-,,-,,
,"LPG",18.8352179,,0.1020548,,2.3904982,,0.3258663,,-,,-,,-,,3.8332553,,0.0207697,,0.486503,,0.0663188,,-,,-,,-,,33.8933069,,0.1836439,,4.3016168,,0.5863849,,-,,-,,-,,41.4146556,,0.2243968,,5.2561994,,0.716511,,-,,-,,-,,
,"Natural gas",575.9175122,,90.7569884,,17.7004441,,13.9376736,,-,,-,,-,,1247.546984,,196.5969167,,38.342532,,30.1916546,,-,,-,,-,,2856.317377,,450.1178684,,87.7870268,,69.1252104,,-,,-,,-,,534.7464728,,84.2689767,,16.4350794,,12.9413008,,-,,-,,-,,
,"Electricity",383.3142419,,-,,845.4108968,,186.2976312,,-,,579.2022623,,0.1507855,,397.4278841,,-,,876.5389521,,193.1571157,,-,,600.5285075,,0.1563374,,665.2588784,,-,,1467.248131,,323.3278068,,-,,1005.231231,,0.2616949,,1011.359894,,-,,2230.584157,,491.5391394,,-,,1528.202907,,0.3978417,,
,"District heat",2585.230277,,16.3898986,,-,,-,,-,,-,,-,,375.3170881,,2.3794434,,-,,-,,-,,-,,-,,1047.976838,,6.6439861,,-,,-,,-,,-,,-,,1638.138006,,10.3855026,,-,,-,,-,,-,,-,,
,"Fuel wood",10.011442,,-,,1.7797396,,-,,-,,-,,-,,6.4630802,,-,,1.1489453,,-,,-,,-,,-,,17.2903221,,-,,3.0737101,,-,,-,,-,,-,,28.8280682,,-,,5.1247816,,-,,-,,-,,-,,
,"Biofuels",275.3884646,,-,,16.9857452,,-,,-,,-,,-,,160.9664498,,-,,9.9282848,,-,,-,,-,,-,,387.9101804,,-,,23.9259966,,-,,-,,-,,-,,448.2585571,,-,,27.6482373,,-,,-,,-,,-,,
,"Non-renewable waste",-,,-,,-,,-,,-,,-,,-,,-,,-,,-,,-,,-,,-,,-,,-,,-,,-,,-,,-,,-,,-,,-,,-,,-,,-,,-,,-,,-,,
,"Other fuels",762.4967443,,-,,-,,-,,-,,-,,-,,960.3105631,,-,,-,,-,,-,,-,,-,,818.4730242,,-,,-,,-,,-,,-,,-,,1531.936737,,-,,-,,-,,-,,-,,-,,
"Residential","Hard coal",1.2197672,,-,,-,,-,,-,,-,,-,,0.319129,,-,,-,,-,,-,,-,,-,,-,,-,,-,,-,,-,,-,,-,,25.1662798,,-,,-,,-,,-,,-,,-,,
,"Brown coal",3.8145146,,-,,-,,-,,-,,-,,-,,21.9408954,,-,,-,,-,,-,,-,,-,,-,,-,,-,,-,,-,,-,,-,,64.0791266,,-,,-,,-,,-,,-,,-,,
,"Coke",1.1053728,,-,,-,,-,,-,,-,,-,,0.2763783,,-,,-,,-,,-,,-,,-,,-,,-,,-,,-,,-,,-,,-,,35.4560635,,-,,-,,-,,-,,-,,-,,
,"Petrol coke",-,,-,,-,,-,,-,,-,,-,,-,,-,,-,,-,,-,,-,,-,,-,,-,,-,,-,,-,,-,,-,,-,,-,,-,,-,,-,,-,,-,,
,"Fuel oil",-,,-,,-,,-,,-,,-,,-,,-,,-,,-,,-,,-,,-,,-,,-,,-,,-,,-,,-,,-,,-,,-,,-,,-,,-,,-,,-,,-,,
,"Gas oil for heating purposes",3169.97621,,-,,-,,-,,-,,-,,-,,2195.423373,,-,,-,,-,,-,,-,,-,,-,,-,,-,,-,,-,,-,,-,,7048.4294,,-,,-,,-,,-,,-,,-,,
,"Diesel",-,,-,,-,,-,,-,,-,,-,,-,,-,,-,,-,,-,,-,,-,,-,,-,,-,,-,,-,,-,,-,,-,,-,,-,,-,,-,,-,,-,,
,"Gasoline",-,,-,,-,,-,,-,,-,,-,,-,,-,,-,,-,,-,,-,,-,,-,,-,,-,,-,,-,,-,,-,,-,,-,,-,,-,,-,,-,,-,,
,"Kerosene",-,,-,,-,,-,,-,,-,,-,,-,,-,,-,,-,,-,,-,,-,,-,,-,,-,,-,,-,,-,,-,,-,,-,,-,,-,,-,,-,,-,,
,"LPG",101.1087611,,-,,-,,-,,-,,-,,-,,50.8376914,,-,,-,,-,,-,,-,,-,,-,,-,,-,,-,,-,,-,,-,,177.7205297,,-,,-,,-,,-,,-,,-,,
,"Natural gas",2186.666564,,-,,-,,-,,-,,-,,-,,2582.935074,,-,,-,,-,,-,,-,,-,,-,,-,,-,,-,,-,,-,,-,,3985.972117,,-,,-,,-,,-,,-,,-,,
,"Electricity",2030.128064,,-,,-,,1669.784498,,-,,634.689904,,-,,1919.664304,,-,,-,,1199.72588,,-,,528.5395349,,-,,-,,-,,-,,2259.934949,,-,,900.6340254,,-,,4806.33988,,-,,-,,3864.994344,,-,,1617.192997,,-,,
,"District heat",2848.49159,,-,,-,,-,,-,,-,,-,,652.1626387,,-,,-,,-,,-,,-,,-,,-,,-,,-,,-,,-,,-,,-,,5434.622748,,-,,-,,-,,-,,-,,-,,
,"Fuel wood",2883.286287,,-,,-,,-,,-,,-,,-,,2214.939667,,-,,-,,-,,-,,-,,-,,-,,-,,-,,-,,-,,-,,-,,10480.44413,,-,,-,,-,,-,,-,,-,,
,"Biofuels",1047.93416,,-,,-,,-,,-,,-,,-,,340.9908519,,-,,-,,-,,-,,-,,-,,-,,-,,-,,-,,-,,-,,-,,3333.092649,,-,,-,,-,,-,,-,,-,,
,"Non-renewable waste",-,,-,,-,,-,,-,,-,,-,,-,,-,,-,,-,,-,,-,,-,,-,,-,,-,,-,,-,,-,,-,,-,,-,,-,,-,,-,,-,,-,,
,"Other fuels",858.1303704,,-,,-,,-,,-,,-,,-,,1126.380185,,-,,-,,-,,-,,-,,-,,-,,-,,-,,-,,-,,-,,-,,1671.319806,,-,,-,,-,,-,,-,,-,,
"Agriculture","Hard coal",0.0089907,,-,,-,,-,,-,,-,,-,,0.0023532,,-,,-,,-,,-,,-,,-,,0.0116098,,-,,-,,-,,-,,-,,-,,0.0743138,,-,,0.1115837,,-,,-,,-,,-,,
,"Brown coal",0.1473858,,-,,-,,-,,-,,-,,-,,0.9245013,,-,,-,,-,,-,,-,,-,,1.1070789,,-,,-,,-,,-,,-,,-,,2.7727099,,-,,-,,-,,-,,-,,-,,
,"Coke",0.0254536,,-,,0.0000815,,-,,-,,-,,-,,0.0063642,,-,,0.0000204,,-,,-,,-,,-,,0.0328687,,-,,0.0001053,,-,,-,,-,,-,,0.8183396,,-,,0.0026215,,-,,-,,-,,-,,
,"Petrol coke",-,,-,,-,,-,,-,,-,,-,,-,,-,,-,,-,,-,,-,,-,,-,,-,,-,,-,,-,,-,,-,,-,,-,,-,,-,,-,,-,,-,,
,"Fuel oil",-,,-,,-,,-,,-,,-,,-,,-,,-,,-,,-,,-,,-,,-,,-,,-,,-,,-,,-,,-,,-,,-,,-,,-,,-,,-,,-,,-,,
,"Gas oil for heating purposes",2.6842504,,0.0605776,,-,,-,,-,,-,,-,,1.8561905,,0.0418901,,-,,-,,-,,-,,-,,4.7617391,,0.107462,,-,,-,,-,,-,,-,,6.0236259,,0.13594,,-,,-,,-,,-,,-,,
,"Diesel",-,,0.2390375,,-,,11.6018453,,458.1891184,,-,,-,,-,,0.0876142,,-,,4.2524133,,167.9396205,,-,,-,,-,,0.2800425,,-,,13.5920496,,536.7878208,,-,,-,,-,,0.7002971,,-,,33.9893823,,1342.335184,,-,,-,,
,"Gasoline",-,,-,,-,,9.3151032,,-,,-,,-,,-,,-,,-,,9.3299263,,-,,-,,-,,-,,-,,-,,27.8241372,,-,,-,,-,,-,,-,,-,,33.6623425,,-,,-,,-,,
,"Kerosene",-,,-,,-,,-,,-,,-,,-,,-,,-,,-,,-,,-,,-,,-,,-,,-,,-,,-,,-,,-,,-,,-,,-,,-,,-,,-,,-,,-,,
,"LPG",10.0022298,,-,,0.0484231,,0.2946408,,-,,-,,-,,5.0291416,,-,,0.0243472,,0.148146,,-,,-,,-,,10.4522184,,-,,0.0506016,,0.3078963,,-,,-,,-,,17.6216985,,-,,0.0853107,,0.5190913,,-,,-,,-,,
,"Natural gas",33.0630827,,-,,8.5453632,,-,,-,,-,,-,,37.2728712,,-,,9.6334098,,-,,-,,-,,-,,42.6250349,,-,,11.0167104,,-,,-,,-,,-,,56.4891887,,-,,14.5999888,,-,,-,,-,,-,,
,"Electricity",83.1485019,,0.1080368,,1.7198687,,138.1667741,,-,,46.5926346,,0.6536943,,40.6528482,,0.0528212,,0.8408758,,67.5523042,,-,,22.7800051,,0.3196033,,84.2401622,,0.1094552,,1.7424489,,139.9807717,,-,,47.2043513,,0.6622766,,262.6114214,,0.3412172,,5.4319337,,436.3779517,,-,,147.1554835,,2.0645901,,
,"District heat",40.2666871,,-,,-,,-,,-,,-,,-,,9.2190649,,-,,-,,-,,-,,-,,-,,27.3524784,,-,,-,,-,,-,,-,,-,,77.0020855,,-,,-,,-,,-,,-,,-,,
,"Fuel wood",112.5663515,,5.0988737,,64.0961357,,-,,-,,-,,-,,86.4734377,,3.9169532,,49.2386324,,-,,-,,-,,-,,210.2550672,,9.5238409,,119.7208326,,-,,-,,-,,-,,410.1121519,,18.5766886,,233.5209749,,-,,-,,-,,-,,
,"Biofuels",146.4106195,,-,,-,,0.7935155,,31.6620043,,-,,-,,25.7872778,,-,,8.3998125,,0.2482595,,9.9057855,,-,,-,,80.9835624,,-,,-,,0.7935155,,31.6620043,,-,,-,,600.531857,,-,,-,,1.9843293,,79.1765773,,-,,-,,
,"Non-renewable waste",-,,-,,-,,-,,-,,-,,-,,-,,-,,-,,-,,-,,-,,-,,-,,-,,-,,-,,-,,-,,-,,-,,-,,-,,-,,-,,-,,-,,
,"Other fuels",11.5871525,,-,,-,,-,,-,,-,,-,,15.2092728,,-,,-,,-,,-,,-,,-,,13.4279116,,-,,-,,-,,-,,-,,-,,22.6196112,,-,,-,,-,,-,,-,,-,,