"Year","2023",,,,,,,,,,,,,,,,,,,,,,,,,,,,,,,,,,,,,,,,,,,,,,,,,,,,,,,,
,"Province (NUTS 2 unit)","Burgenland <AT11>",,,,,,,,,,,,,,"Carinthia <AT21>",,,,,,,,,,,,,,"Lower Austria <AT12>",,,,,,,,,,,,,,"Upper Austria <AT31>",,,,,,,,,,,,,,
,"Useful energy category","Space and water heating","Space and water heating - Annotations","Process heat <200 �C","Process heat <200 �C - Annotations","Process heat >200 �C","Process heat >200 �C - Annotations","Stationary engines","Stationary engines - Annotations","Traction","Traction - Annotations","Lighting and computing","Lighting and computing - Annotations","Electrochemical purposes","Electrochemical purposes - Annotations","Space and water heating","Space and water heating - Annotations","Process heat <200 �C","Process heat <200 �C - Annotations","Process heat >200 �C","Process heat >200 �C - Annotations","Stationary engines","Stationary engines - Annotations","Traction","Traction - Annotations","Lighting and computing","Lighting and computing - Annotations","Electrochemical purposes","Electrochemical purposes - Annotations","Space and water heating","Space and water heating - Annotations","Process heat <200 �C","Process heat <200 �C - Annotations","Process heat >200 �C","Process heat >200 �C - Annotations","Stationary engines","Stationary engines - Annotations","Traction","Traction - Annotations","Lighting and computing","Lighting and computing - Annotations","Electrochemical purposes","Electrochemical purposes - Annotations","Space and water heating","Space and water heating - Annotations","Process heat <200 �C","Process heat <200 �C - Annotations","Process heat >200 �C","Process heat >200 �C - Annotations","Stationary engines","Stationary engines - Annotations","Traction","Traction - Annotations","Lighting and computing","Lighting and computing - Annotations","Electrochemical purposes","Electrochemical purposes - Annotations",
"Sector","Fuels aggregated",
"Iron and steel","Hard coal",-,,-,,-,,-,,-,,-,,-,,-,,-,,-,,-,,-,,-,,-,,-,,-,,-,,-,,-,,-,,-,,-,,-,,-,,-,,-,,-,,-,,
,"Brown coal",-,,-,,-,,-,,-,,-,,-,,-,,-,,-,,-,,-,,-,,-,,-,,-,,-,,-,,-,,-,,-,,-,,-,,-,,-,,-,,-,,-,,
,"Coke",-,,-,,-,,-,,-,,-,,-,,-,,-,,0.2990934,,-,,-,,-,,-,,-,,-,,79.5320165,,-,,-,,-,,-,,-,,-,,3480.408789,,-,,-,,-,,-,,
,"Petrol coke",-,,-,,-,,-,,-,,-,,-,,-,,-,,-,,-,,-,,-,,-,,-,,-,,-,,-,,-,,-,,-,,-,,-,,-,,-,,-,,-,,-,,
,"Fuel oil",-,,-,,-,,-,,-,,-,,-,,0.0905092,,0.7865183,,-,,-,,-,,-,,-,,0.7143519,,6.2076623,,-,,-,,-,,-,,-,,0.0000433,,0.0003766,,-,,-,,-,,-,,-,,
,"Gas oil for heating purposes",-,,-,,-,,-,,-,,-,,-,,2.1687539,,0.8152223,,-,,-,,-,,-,,-,,13.6237929,,5.1211065,,-,,-,,-,,-,,-,,0.0008266,,0.0003107,,-,,-,,-,,-,,-,,
,"Diesel",-,,-,,-,,0.0066076,,-,,-,,-,,-,,-,,-,,0.6267952,,-,,-,,-,,-,,-,,-,,2.1866491,,-,,-,,-,,-,,-,,-,,262.6836134,,-,,-,,-,,
,"Gasoline",-,,-,,-,,-,,-,,-,,-,,-,,-,,-,,-,,-,,-,,-,,-,,-,,-,,-,,-,,-,,-,,-,,-,,-,,-,,-,,-,,-,,
,"Kerosene",-,,-,,-,,-,,-,,-,,-,,-,,-,,-,,-,,-,,-,,-,,-,,-,,-,,-,,-,,-,,-,,-,,-,,-,,-,,-,,-,,-,,
,"LPG",-,,-,,-,,-,,-,,-,,-,,-,,-,,3.1540329,,-,,-,,-,,-,,-,,-,,4.5277277,,-,,-,,-,,-,,-,,-,,9.5178355,,-,,-,,-,,-,,
,"Natural gas",0.0860196,,0.0374957,,2.0821149,,-,,-,,-,,-,,12.6611587,,5.5189666,,306.4649686,,-,,-,,-,,-,,16.5874926,,7.2304455,,401.5023837,,-,,-,,-,,-,,326.6904688,,142.4035377,,7907.584681,,-,,-,,-,,-,,
,"Electricity",0.0963964,,0.0035702,,1.1317655,,2.1714189,,-,,0.164231,,0.0028562,,7.7146473,,0.2857277,,90.5756739,,173.7795738,,-,,13.1434732,,0.2285821,,18.9030483,,0.7001129,,221.9357891,,425.8086654,,-,,32.2051934,,0.5600903,,99.4116413,,3.6819126,,1167.166307,,2239.339267,,-,,169.3679814,,2.9455301,,
,"District heat",-,,-,,-,,-,,-,,-,,-,,-,,-,,-,,-,,-,,-,,-,,3.0461354,,-,,20.0306481,,-,,-,,-,,-,,1.9427477,,-,,12.7750381,,-,,-,,-,,-,,
,"Fuel wood",-,,-,,-,,-,,-,,-,,-,,-,,-,,-,,-,,-,,-,,-,,-,,-,,-,,-,,-,,-,,-,,-,,-,,-,,-,,-,,-,,-,,
,"Biofuels",0.0001427,,-,,0.0003032,,-,,-,,-,,-,,0.013534,,-,,0.0287597,,-,,-,,-,,-,,6.6207701,,-,,14.0691364,,-,,-,,-,,-,,2.9921624,,-,,6.358345,,-,,-,,-,,-,,
,"Non-renewable waste",-,,-,,-,,-,,-,,-,,-,,-,,-,,-,,-,,-,,-,,-,,-,,-,,-,,-,,-,,-,,-,,-,,-,,-,,-,,-,,-,,-,,
,"Other fuels",-,,-,,-,,-,,-,,-,,-,,-,,-,,-,,-,,-,,-,,-,,-,,-,,-,,-,,-,,-,,-,,-,,-,,4251.5515384,,-,,-,,-,,-,,
"Chemical and petrochemical","Hard coal",-,,-,,-,,-,,-,,-,,-,,-,,-,,-,,-,,-,,-,,-,,-,,-,,-,,-,,-,,-,,-,,-,,130.7175305,,-,,-,,-,,-,,-,,
,"Brown coal",-,,-,,-,,-,,-,,-,,-,,-,,-,,-,,-,,-,,-,,-,,-,,5.4670862,,-,,-,,-,,-,,-,,-,,-,,-,,-,,-,,-,,-,,
,"Coke",-,,-,,-,,-,,-,,-,,-,,-,,-,,-,,-,,-,,-,,-,,-,,-,,-,,-,,-,,-,,-,,-,,-,,-,,-,,-,,-,,-,,
,"Petrol coke",-,,-,,-,,-,,-,,-,,-,,-,,-,,-,,-,,-,,-,,-,,-,,88.9150268,,-,,-,,-,,-,,-,,-,,-,,-,,-,,-,,-,,-,,
,"Fuel oil",2.4104324,,12.1015027,,-,,-,,-,,-,,-,,2.6595781,,13.3523311,,-,,-,,-,,-,,-,,1.3996583,,7.0269419,,-,,-,,-,,-,,-,,3.5687502,,17.9168017,,-,,-,,-,,-,,-,,
,"Gas oil for heating purposes",22.9463934,,8.1760527,,8.1760527,,-,,-,,-,,-,,25.3439868,,9.0303416,,9.0303416,,-,,-,,-,,-,,13.35208,,4.7574931,,4.7574931,,-,,-,,-,,-,,46.2778336,,16.4893017,,16.4893017,,-,,-,,-,,-,,
,"Diesel",-,,-,,-,,0.0003146,,-,,-,,-,,-,,-,,-,,0.0024166,,-,,-,,-,,-,,-,,-,,0.0368366,,-,,-,,-,,-,,-,,-,,0.0543549,,-,,-,,-,,
,"Gasoline",-,,-,,-,,-,,-,,-,,-,,-,,-,,-,,-,,-,,-,,-,,-,,-,,-,,-,,-,,-,,-,,-,,-,,-,,-,,-,,-,,-,,
,"Kerosene",-,,-,,-,,-,,-,,-,,-,,-,,-,,-,,-,,-,,-,,-,,-,,-,,-,,-,,-,,-,,-,,-,,-,,-,,-,,-,,-,,-,,
,"LPG",-,,-,,-,,-,,-,,-,,-,,0.139624,,0.1803394,,0.3420754,,-0,,-,,-,,-,,0.0107336,,0.0138636,,0.0262972,,-0,,-,,-,,-,,1.2755321,,1.6474867,,3.1250233,,-0,,-,,-,,-,,
,"Natural gas",24.6211996,,648.6581831,,144.7006716,,-,,-,,-,,-,,7.8120146,,205.811547,,45.9118067,,-,,-,,-,,-,,135.795569,,3577.604194,,798.0809355,,-,,-,,-,,-,,235.4942028,,6204.216041,,1384.017425,,-,,-,,-,,-,,
,"Electricity",3.5974915,,0.263002,,3.9074581,,72.9454794,,-,,13.2158498,,-,,38.7798465,,2.8350802,,42.1211909,,786.329733,,-,,142.462778,,-,,214.461547,,15.678651,,232.9399571,,4348.585834,,-,,787.8522107,,-,,222.0395438,,16.2326559,,241.1708883,,4502.243074,,-,,815.6909612,,-,,
,"District heat",-,,-,,-,,-,,-,,-,,-,,14.6267935,,38.7015158,,0.5060429,,-,,-,,-,,-,,572.9074216,,1515.874661,,19.8208677,,-,,-,,-,,-,,144.5826788,,382.5560832,,5.0021243,,-,,-,,-,,-,,
,"Fuel wood",-,,-,,-,,-,,-,,-,,-,,-,,-,,-,,-,,-,,-,,-,,-,,-,,-,,-,,-,,-,,-,,-,,-,,-,,-,,-,,-,,-,,
,"Biofuels",-,,0.0000212,,-,,-,,-,,-,,-,,-,,0.0001631,,-,,-,,-,,-,,-,,-,,552.5165462,,-,,-,,-,,-,,-,,-,,2373.283905,,-,,-,,-,,-,,-,,
,"Non-renewable waste",-,,-,,-,,-,,-,,-,,-,,-,,-,,-,,-,,-,,-,,-,,-,,244.9006751,,-,,-,,-,,-,,-,,-,,1737.729574,,-,,-,,-,,-,,-,,
,"Other fuels",-,,-,,-,,-,,-,,-,,-,,-,,-,,-,,-,,-,,-,,-,,23.1051051,,-,,-,,-,,-,,-,,-,,3.4934918,,-,,-,,-,,-,,-,,-,,
"Non-ferrous metals","Hard coal",-,,-,,-,,-,,-,,-,,-,,-,,-,,-,,-,,-,,-,,-,,-,,-,,-,,-,,-,,-,,-,,-,,-,,-,,-,,-,,-,,-,,
,"Brown coal",-,,-,,-,,-,,-,,-,,-,,-,,-,,-,,-,,-,,-,,-,,-,,-,,-,,-,,-,,-,,-,,-,,-,,-,,-,,-,,-,,-,,
,"Coke",-,,-,,-,,-,,-,,-,,-,,-,,-,,52.5054765,,-,,-,,-,,-,,-,,-,,0.157853,,-,,-,,-,,-,,-,,-,,-,,-,,-,,-,,-,,
,"Petrol coke",-,,-,,-,,-,,-,,-,,-,,-,,-,,-,,-,,-,,-,,-,,-,,-,,-,,-,,-,,-,,-,,-,,-,,-,,-,,-,,-,,-,,
,"Fuel oil",-,,-,,-,,-,,-,,-,,-,,0.0000533,,-,,0.0003375,,-,,-,,-,,-,,0.0369905,,-,,0.2344037,,-,,-,,-,,-,,0.0640222,,-,,0.4057001,,-,,-,,-,,-,,
,"Gas oil for heating purposes",-,,-,,-,,-,,-,,-,,-,,0.0013294,,-,,-,,-,,-,,-,,-,,0.7349389,,-,,-,,-,,-,,-,,-,,1.2720138,,-,,-,,-,,-,,-,,-,,
,"Diesel",-,,-,,-,,-,,-,,-,,-,,-,,-,,-,,0.0161074,,-,,-,,-,,-,,-,,-,,0.0705018,,-,,-,,-,,-,,-,,-,,0.4465428,,-,,-,,-,,
,"Gasoline",-,,-,,-,,-,,-,,-,,-,,-,,-,,-,,-,,-,,-,,-,,-,,-,,-,,-,,-,,-,,-,,-,,-,,-,,-,,-,,-,,-,,
,"Kerosene",-,,-,,-,,-,,-,,-,,-,,-,,-,,-,,-,,-,,-,,-,,-,,-,,-,,-,,-,,-,,-,,-,,-,,-,,-,,-,,-,,-,,
,"LPG",-,,-,,-,,-,,-,,-,,-,,-,,-,,0.0014052,,-,,-,,-,,-,,-,,-,,0.0089865,,-,,-,,-,,-,,-,,-,,7.1979685,,-,,-,,-,,-,,
,"Natural gas",-,,-,,-,,-,,-,,-,,-,,2.279206,,2.7582748,,140.1203583,,0.0145172,,-,,-,,-,,11.1246959,,13.4630078,,683.9207946,,0.0708579,,-,,-,,-,,37.2605246,,45.0923546,,2290.691614,,0.2373282,,-,,-,,-,,
,"Electricity",-,,-,,-,,-,,-,,-,,-,,0.6559425,,0.1100725,,4.9105835,,15.2057364,,-,,1.5814505,,-,,23.0572144,,3.8691901,,172.6132558,,534.5009737,,-,,55.5899964,,-,,39.2713483,,6.590055,,293.9971484,,910.369029,,-,,94.6816068,,-,,
,"District heat",-,,-,,-,,-,,-,,-,,-,,107.5688774,,-,,-,,-,,-,,-,,-,,-,,-,,-,,-,,-,,-,,-,,11.5163744,,-,,-,,-,,-,,-,,-,,
,"Fuel wood",-,,-,,-,,-,,-,,-,,-,,-,,-,,-,,-,,-,,-,,-,,-,,-,,-,,-,,-,,-,,-,,-,,-,,-,,-,,-,,-,,-,,
,"Biofuels",-,,-,,-,,-,,-,,-,,-,,-,,0.0010869,,-,,-,,-,,-,,-,,-,,4.4367481,,-,,-,,-,,-,,-,,-,,2.4086961,,-,,-,,-,,-,,-,,
,"Non-renewable waste",-,,-,,-,,-,,-,,-,,-,,-,,-,,-,,-,,-,,-,,-,,2.2015418,,-,,-,,-,,-,,-,,-,,-,,-,,-,,-,,-,,-,,-,,
,"Other fuels",-,,-,,-,,-,,-,,-,,-,,-,,-,,-,,-,,-,,-,,-,,-,,-,,-,,-,,-,,-,,-,,-,,-,,-,,-,,-,,-,,-,,
"Non-metallic minerals","Hard coal",-,,-,,-,,-,,-,,-,,-,,-,,-,,57.9045873,,-,,-,,-,,-,,-,,-,,185.341775,,-,,-,,-,,-,,-,,-,,62.8324767,,-,,-,,-,,-,,
,"Brown coal",-,,-,,-,,-,,-,,-,,-,,-,,-,,-,,-,,-,,-,,-,,-,,-,,282.0753467,,-,,-,,-,,-,,-,,-,,105.0067103,,-,,-,,-,,-,,
,"Coke",-,,-,,-,,-,,-,,-,,-,,-,,-,,0.5166168,,-,,-,,-,,-,,-,,-,,-,,-,,-,,-,,-,,-,,-,,-,,-,,-,,-,,-,,
,"Petrol coke",-,,-,,-,,-,,-,,-,,-,,-,,-,,111.3913741,,-,,-,,-,,-,,-,,-,,270.7831812,,-,,-,,-,,-,,-,,-,,-,,-,,-,,-,,-,,
,"Fuel oil",0.0797774,,0.0203639,,1.0187561,,-,,-,,-,,-,,0.223662,,0.0570918,,2.8561609,,-,,-,,-,,-,,1.3489858,,0.3443414,,17.2265298,,-,,-,,-,,-,,0.7118494,,0.1817063,,9.0903068,,-,,-,,-,,-,,
,"Gas oil for heating purposes",1.1613944,,-,,1.8685936,,-,,-,,-,,-,,4.7280557,,-,,7.6070753,,-,,-,,-,,-,,29.0094853,,-,,46.6740141,,-,,-,,-,,-,,10.6132114,,-,,17.0758348,,-,,-,,-,,-,,
,"Diesel",-,,-,,-,,0.5805918,,-,,-,,-,,-,,-,,-,,0.728501,,-,,-,,-,,-,,-,,-,,7.9847352,,-,,-,,-,,-,,-,,-,,6.5054638,,-,,-,,-,,
,"Gasoline",-,,-,,-,,-,,-,,-,,-,,-,,-,,-,,-,,-,,-,,-,,-,,-,,-,,-,,-,,-,,-,,-,,-,,-,,-,,-,,-,,-,,
,"Kerosene",-,,-,,-,,-,,-,,-,,-,,-,,-,,-,,-,,-,,-,,-,,-,,-,,-,,-,,-,,-,,-,,-,,-,,-,,-,,-,,-,,-,,
,"LPG",-,,-,,-,,-,,-,,-,,-,,7.1123799,,-,,98.1508425,,0.4970734,,-,,-,,-,,0.882013,,-,,12.1717799,,0.0616425,,-,,-,,-,,0.1744345,,-,,2.4071962,,0.012191,,-,,-,,-,,
,"Natural gas",10.3793441,,21.4016565,,197.8505069,,-,,-,,-,,-,,53.489572,,110.2926572,,1019.615381,,-,,-,,-,,-,,122.6963253,,252.9933079,,2338.830838,,-,,-,,-,,-,,215.4600794,,444.2672433,,4107.088592,,-,,-,,-,,-,,
,"Electricity",1.3062658,,-,,8.0998969,,39.3191237,,-,,3.7351856,,-,,20.4858997,,-,,127.0290327,,616.6338084,,-,,58.578155,,-,,34.0443704,,-,,211.1024415,,1024.749222,,-,,97.347758,,-,,41.6399944,,-,,258.2014109,,1253.380553,,-,,119.0669719,,-,,
,"District heat",-,,-,,-,,-,,-,,-,,-,,15.9929919,,-,,-,,-,,-,,-,,-,,13.8230845,,-,,-,,-,,-,,-,,-,,72.3900743,,-,,-,,-,,-,,-,,-,,
,"Fuel wood",-,,-,,-,,-,,-,,-,,-,,-,,-,,-,,-,,-,,-,,-,,-,,-,,-,,-,,-,,-,,-,,-,,-,,-,,-,,-,,-,,-,,
,"Biofuels",0.0494479,,-,,1.7486566,,-,,-,,-,,-,,20.9142842,,-,,739.6051411,,-,,-,,-,,-,,34.2699983,,-,,1211.911756,,-,,-,,-,,-,,11.9764123,,-,,423.5294907,,-,,-,,-,,-,,
,"Non-renewable waste",-,,-,,-,,-,,-,,-,,-,,6.2589749,,52.8927459,,822.3940449,,-,,-,,-,,-,,14.3674687,,121.4152286,,1887.804445,,-,,-,,-,,-,,14.6993717,,124.2200425,,1931.414628,,-,,-,,-,,-,,
,"Other fuels",-,,-,,-,,-,,-,,-,,-,,-,,-,,-,,-,,-,,-,,-,,1.7118522,,-,,-,,-,,-,,-,,-,,1.5505976,,-,,-,,-,,-,,-,,-,,
"Transport equipment","Hard coal",-,,-,,-,,-,,-,,-,,-,,-,,-,,-,,-,,-,,-,,-,,-,,-,,-,,-,,-,,-,,-,,-,,-,,-,,-,,-,,-,,-,,
,"Brown coal",-,,-,,-,,-,,-,,-,,-,,-,,-,,-,,-,,-,,-,,-,,-,,-,,-,,-,,-,,-,,-,,-,,-,,-,,-,,-,,-,,-,,
,"Coke",-,,-,,-,,-,,-,,-,,-,,-,,-,,-,,-,,-,,-,,-,,-,,-,,-,,-,,-,,-,,-,,-,,-,,-,,-,,-,,-,,-,,
,"Petrol coke",-,,-,,-,,-,,-,,-,,-,,-,,-,,-,,-,,-,,-,,-,,-,,-,,-,,-,,-,,-,,-,,-,,-,,-,,-,,-,,-,,-,,
,"Fuel oil",-,,-,,-,,-,,-,,-,,-,,0.017298,,-,,0.0274229,,-,,-,,-,,-,,0.3577281,,-,,0.5671119,,-,,-,,-,,-,,0.2875134,,-,,0.4557994,,-,,-,,-,,-,,
,"Gas oil for heating purposes",-,,-,,-,,-,,-,,-,,-,,0.0468433,,-,,0.0742614,,-,,-,,-,,-,,1.845049,,-,,0.6594291,,-,,-,,-,,-,,2.6383911,,-,,0.9429732,,-,,-,,-,,-,,
,"Diesel",-,,-,,-,,0.3455043,,-,,-,,-,,-,,-,,-,,0.3582694,,-,,-,,-,,-,,-,,-,,1.8588113,,-,,-,,-,,-,,-,,-,,10.4279504,,-,,-,,-,,
,"Gasoline",-,,-,,-,,-,,-,,-,,-,,-,,-,,-,,-,,-,,-,,-,,-,,-,,-,,-,,-,,-,,-,,-,,-,,-,,29.0619,,-,,-,,-,,
,"Kerosene",-,,-,,-,,-,,-,,-,,-,,-,,-,,-,,-,,-,,-,,-,,-,,-,,-,,-,,-,,-,,-,,-,,-,,-,,-,,-,,-,,-,,
,"LPG",-,,-,,-,,-,,-,,-,,-,,0.76098,,-,,0.76098,,-,,-,,-,,-,,0.0724385,,-,,0.0724385,,-,,-,,-,,-,,7.9998578,,-,,7.9998578,,-,,-,,-,,-,,
,"Natural gas",5.3591723,,0.6270671,,4.4476738,,0.5479973,,-,,-,,-,,0.0742309,,0.0086856,,0.0616055,,0.0075904,,-,,-,,-,,48.3163338,,5.6534071,,40.0985967,,4.9405431,,-,,-,,-,,254.5168715,,29.7805602,,211.2281413,,26.0253932,,-,,-,,-,,
,"Electricity",10.8903447,,0.3790358,,6.4158737,,55.4501593,,-,,19.293845,,0.0184896,,3.268639,,0.1137642,,1.9256668,,16.6428663,,-,,5.790874,,0.0055495,,21.9586861,,0.7642667,,12.9366113,,111.8066206,,-,,38.9030372,,0.0372813,,161.0341867,,5.6047552,,94.8707347,,819.9346787,,-,,285.295711,,0.2734027,,
,"District heat",-,,-,,-,,-,,-,,-,,-,,-,,-,,-,,-,,-,,-,,-,,30.7026206,,1.4875367,,1.9276565,,-,,-,,-,,-,,335.4378258,,16.2519049,,21.0603813,,-,,-,,-,,-,,
,"Fuel wood",-,,-,,-,,-,,-,,-,,-,,-,,-,,-,,-,,-,,-,,-,,-,,-,,-,,-,,-,,-,,-,,-,,-,,-,,-,,-,,-,,-,,
,"Biofuels",0.0186506,,-,,0.0046627,,-,,-,,-,,-,,0.0193397,,-,,0.0048349,,-,,-,,-,,-,,20.1127993,,-,,5.0281998,,-,,-,,-,,-,,66.0453795,,-,,16.5113449,,-,,-,,-,,-,,
,"Non-renewable waste",-,,-,,-,,-,,-,,-,,-,,-,,-,,-,,-,,-,,-,,-,,-,,-,,-,,-,,-,,-,,-,,-,,-,,-,,-,,-,,-,,-,,
,"Other fuels",-,,-,,-,,-,,-,,-,,-,,-,,-,,-,,-,,-,,-,,-,,-,,-,,-,,-,,-,,-,,-,,-,,-,,-,,-,,-,,-,,-,,
"Machinery","Hard coal",-,,-,,-,,-,,-,,-,,-,,-,,-,,-,,-,,-,,-,,-,,-,,-,,-,,-,,-,,-,,-,,-,,-,,-,,-,,-,,-,,-,,
,"Brown coal",-,,-,,-,,-,,-,,-,,-,,-,,-,,-,,-,,-,,-,,-,,-,,-,,-,,-,,-,,-,,-,,-,,-,,-,,-,,-,,-,,-,,
,"Coke",-,,-,,-,,-,,-,,-,,-,,-,,-,,-,,-,,-,,-,,-,,-,,-,,-,,-,,-,,-,,-,,-,,-,,-,,-,,-,,-,,-,,
,"Petrol coke",-,,-,,-,,-,,-,,-,,-,,-,,-,,-,,-,,-,,-,,-,,-,,-,,-,,-,,-,,-,,-,,-,,-,,-,,-,,-,,-,,-,,
,"Fuel oil",-,,-,,-,,-,,-,,-,,-,,15.6622253,,0.0063299,,5.4310343,,-,,-,,-,,-,,6.8433695,,0.0027657,,2.3730073,,-,,-,,-,,-,,10.4184048,,0.0042106,,3.6126868,,-,,-,,-,,-,,
,"Gas oil for heating purposes",-,,-,,-,,-,,-,,-,,-,,51.8029586,,-,,6.9172393,,-,,-,,-,,-,,24.3533368,,-,,3.2518965,,-,,-,,-,,-,,48.338957,,-,,6.4546918,,-,,-,,-,,-,,
,"Diesel",-,,-,,-,,1.6575657,,-,,-,,-,,-,,-,,-,,5.1586792,,-,,-,,-,,-,,-,,-,,15.1573779,,-,,-,,-,,-,,-,,-,,31.141364,,-,,-,,-,,
,"Gasoline",-,,-,,-,,-,,-,,-,,-,,-,,-,,-,,-,,-,,-,,-,,-,,-,,-,,-,,-,,-,,-,,-,,-,,-,,-,,-,,-,,-,,
,"Kerosene",-,,-,,-,,-,,-,,-,,-,,-,,-,,-,,-,,-,,-,,-,,-,,-,,-,,-,,-,,-,,-,,-,,-,,-,,-,,-,,-,,-,,
,"LPG",-,,-,,-,,-,,-,,-,,-,,6.6095523,,-,,26.6824977,,1.1147813,,-,,-,,-,,39.9576877,,-,,161.3075835,,6.7393497,,-,,-,,-,,15.2342283,,-,,61.4999689,,2.5694378,,-,,-,,-,,
,"Natural gas",42.7040222,,2.0723101,,58.179333,,0.14434,,-,,-,,-,,95.8698481,,4.6523031,,130.6116737,,0.324041,,-,,-,,-,,523.4185424,,25.400079,,713.0977389,,1.7691597,,-,,-,,-,,418.8322543,,20.3247907,,570.6109152,,1.4156571,,-,,-,,-,,
,"Electricity",16.7536498,,0.4097788,,26.2731272,,89.8518883,,-,,24.1296687,,0.1891287,,236.2187373,,5.7776925,,370.4389793,,1266.870199,,-,,340.2172029,,2.6666273,,208.7666567,,5.10624,,327.3885388,,1119.641307,,-,,300.6789759,,2.3567261,,259.3063094,,6.3423933,,406.6449838,,1390.691693,,-,,373.4693882,,2.9272584,,
,"District heat",4.5869382,,0.0271811,,0.1545034,,-,,-,,-,,-,,175.6472137,,1.0408453,,5.916384,,-,,-,,-,,-,,86.9452009,,0.5152174,,2.9286043,,-,,-,,-,,-,,219.4002699,,1.300116,,7.3901328,,-,,-,,-,,-,,
,"Fuel wood",-,,-,,-,,-,,-,,-,,-,,-,,-,,-,,-,,-,,-,,-,,-,,-,,-,,-,,-,,-,,-,,-,,-,,-,,-,,-,,-,,-,,
,"Biofuels",3.7893537,,0.3182397,,0.8961749,,-,,-,,-,,-,,104.9256988,,8.8119298,,24.8147269,,-,,-,,-,,-,,14.5299554,,1.220263,,3.4363066,,-,,-,,-,,-,,135.5041082,,11.3799832,,32.0464621,,-,,-,,-,,-,,
,"Non-renewable waste",-,,-,,-,,-,,-,,-,,-,,-,,-,,-,,-,,-,,-,,-,,0.0757831,,0.0063645,,0.0179226,,-,,-,,-,,-,,-,,-,,-,,-,,-,,-,,-,,
,"Other fuels",-,,-,,-,,-,,-,,-,,-,,262.3843011,,-,,-,,17.8659537,,-,,-,,-,,12.7933509,,-,,-,,0.8711093,,-,,-,,-,,81.4133552,,-,,-,,5.5434995,,-,,-,,-,,
"Mining and quarrying","Hard coal",-,,-,,-,,-,,-,,-,,-,,-,,-,,-,,-,,-,,-,,-,,-,,-,,-,,-,,-,,-,,-,,-,,-,,-,,-,,-,,-,,-,,
,"Brown coal",-,,-,,-,,-,,-,,-,,-,,-,,-,,-,,-,,-,,-,,-,,-,,-,,-,,-,,-,,-,,-,,-,,-,,-,,-,,-,,-,,-,,
,"Coke",-,,-,,-,,-,,-,,-,,-,,-,,-,,-,,-,,-,,-,,-,,-,,-,,-,,-,,-,,-,,-,,-,,-,,-,,-,,-,,-,,-,,
,"Petrol coke",-,,-,,-,,-,,-,,-,,-,,-,,-,,-,,-,,-,,-,,-,,-,,-,,-,,-,,-,,-,,-,,-,,-,,-,,-,,-,,-,,-,,
,"Fuel oil",0.1515671,,0.0424064,,0.0669891,,-,,-,,-,,-,,0.1810414,,0.0506529,,0.0800161,,-,,-,,-,,-,,0.5478711,,0.1532869,,0.2421462,,-,,-,,-,,-,,-,,-,,-,,-,,-,,-,,-,,
,"Gas oil for heating purposes",0.5324202,,-,,0.1742697,,-,,-,,-,,-,,0.8630841,,-,,0.2825014,,-,,-,,-,,-,,6.6462545,,-,,2.1754265,,-,,-,,-,,-,,4.1900532,,-,,1.3714722,,-,,-,,-,,-,,
,"Diesel",-,,-,,-,,2.3275627,,-,,-,,-,,-,,-,,-,,17.0911374,,-,,-,,-,,-,,-,,-,,34.6839015,,-,,-,,-,,-,,-,,-,,16.3696939,,-,,-,,-,,
,"Gasoline",-,,-,,-,,-,,-,,-,,-,,-,,-,,-,,-,,-,,-,,-,,-,,-,,-,,-,,-,,-,,-,,-,,-,,-,,-,,-,,-,,-,,
,"Kerosene",-,,-,,-,,-,,-,,-,,-,,-,,-,,-,,-,,-,,-,,-,,-,,-,,-,,-,,-,,-,,-,,-,,-,,-,,-,,-,,-,,-,,
,"LPG",-,,-,,-,,-,,-,,-,,-,,0.2997636,,-,,7.7367929,,-,,-,,-,,-,,1.4735278,,-,,38.0312399,,-,,-,,-,,-,,-,,-,,-,,-,,-,,-,,-,,
,"Natural gas",0.8997643,,12.9126891,,39.7449465,,-,,-,,-,,-,,0.9609618,,13.7909454,,42.4481982,,-,,-,,-,,-,,-,,-,,-,,-,,-,,-,,-,,6.8427785,,98.2020182,,302.2634497,,-,,-,,-,,-,,
,"Electricity",0.3719579,,0.2520504,,0.2557211,,10.6362829,,-,,0.7194449,,-,,22.1497567,,15.0093746,,15.2279577,,633.381035,,-,,42.8422925,,-,,5.3690573,,3.6382428,,3.6912269,,153.530314,,-,,10.3848872,,-,,22.987146,,15.5768161,,15.8036629,,657.3265151,,-,,44.4619798,,-,,
,"District heat",-,,-,,-,,-,,-,,-,,-,,-,,-,,-,,-,,-,,-,,-,,-,,-,,-,,-,,-,,-,,-,,-,,-,,-,,-,,-,,-,,-,,
,"Fuel wood",-,,-,,-,,-,,-,,-,,-,,-,,-,,-,,-,,-,,-,,-,,-,,-,,-,,-,,-,,-,,-,,-,,-,,-,,-,,-,,-,,-,,
,"Biofuels",-,,-,,-,,0.5672931,,-,,-,,-,,-,,-,,-,,1.1532429,,-,,-,,-,,-,,-,,-,,2.3403336,,-,,-,,-,,-,,-,,-,,1.5170926,,-,,-,,-,,
,"Non-renewable waste",-,,-,,-,,-,,-,,-,,-,,-,,-,,-,,-,,-,,-,,-,,-,,-,,-,,-,,-,,-,,-,,-,,-,,-,,-,,-,,-,,-,,
,"Other fuels",-,,-,,-,,-,,-,,-,,-,,-,,-,,-,,-,,-,,-,,-,,-,,-,,-,,-,,-,,-,,-,,-,,-,,-,,-,,-,,-,,-,,
"Food and tobacco","Hard coal",-,,-,,-,,-,,-,,-,,-,,-,,-,,-,,-,,-,,-,,-,,-,,-,,1.87245,,-,,-,,-,,-,,-,,-,,-,,-,,-,,-,,-,,
,"Brown coal",-,,-,,-,,-,,-,,-,,-,,-,,-,,-,,-,,-,,-,,-,,-,,-,,-,,-,,-,,-,,-,,-,,-,,-,,-,,-,,-,,-,,
,"Coke",-,,-,,-,,-,,-,,-,,-,,-,,-,,-,,-,,-,,-,,-,,-,,-,,157.6592753,,-,,-,,-,,-,,-,,-,,-,,-,,-,,-,,-,,
,"Petrol coke",-,,-,,-,,-,,-,,-,,-,,-,,-,,-,,-,,-,,-,,-,,-,,-,,-,,-,,-,,-,,-,,-,,-,,-,,-,,-,,-,,-,,
,"Fuel oil",1.5563754,,2.9629342,,0.251921,,-,,-,,-,,-,,0.7056418,,1.3433585,,0.1142179,,-,,-,,-,,-,,5.6072206,,10.6746904,,0.9076065,,-,,-,,-,,-,,5.9705905,,11.3664522,,0.966423,,-,,-,,-,,-,,
,"Gas oil for heating purposes",5.4770216,,7.031364,,0.4121656,,-,,-,,-,,-,,2.4832153,,3.1879353,,0.1868709,,-,,-,,-,,-,,413.3468824,,530.6519778,,31.1058399,,-,,-,,-,,-,,64.5918948,,82.9226449,,4.8607725,,-,,-,,-,,-,,
,"Diesel",-,,-,,-,,0.0194737,,-,,-,,-,,-,,-,,-,,0.1533245,,-,,-,,-,,-,,-,,-,,0.5616444,,-,,-,,-,,-,,-,,-,,0.4771027,,-,,-,,-,,
,"Gasoline",-,,-,,-,,-,,-,,-,,-,,-,,-,,-,,-,,-,,-,,-,,-,,-,,-,,-,,-,,-,,-,,-,,-,,-,,-,,-,,-,,-,,
,"Kerosene",-,,-,,-,,-,,-,,-,,-,,-,,-,,-,,-,,-,,-,,-,,-,,-,,-,,-,,-,,-,,-,,-,,-,,-,,-,,-,,-,,-,,
,"LPG",0.0002042,,0.0054905,,0.0483882,,0.0026375,,-,,-,,-,,0.0146186,,0.3930786,,3.4642079,,0.1888239,,-,,-,,-,,0.1262927,,3.3958696,,29.9278553,,1.6312804,,-,,-,,-,,0.1947096,,5.235525,,46.1407682,,2.5149991,,-,,-,,-,,
,"Natural gas",49.5523772,,252.0618858,,39.6555526,,-,,-,,-,,-,,43.7038885,,222.3119286,,34.9751504,,-,,-,,-,,-,,521.4064237,,2652.27813,,417.2687771,,-,,-,,-,,-,,463.3478208,,2356.946973,,370.8059007,,-,,-,,-,,-,,
,"Electricity",14.501922,,12.929958,,13.8819925,,148.2959904,,-,,31.7935268,,-,,18.3954822,,16.4014681,,17.6091104,,188.1113583,,-,,40.3296373,,-,,115.440313,,102.9269356,,110.5054599,,1180.487354,,-,,253.0874649,,-,,135.1437764,,120.4946037,,129.3666379,,1381.974068,,-,,296.2846763,,-,,
,"District heat",1.0470073,,14.8537814,,9.5120109,,-,,-,,-,,-,,0.2117423,,3.0039648,,1.9236681,,-,,-,,-,,-,,12.2221193,,173.3939005,,111.0373601,,-,,-,,-,,-,,10.6578121,,151.2012423,,96.8257057,,-,,-,,-,,-,,
,"Fuel wood",-,,-,,-,,-,,-,,-,,-,,-,,-,,-,,-,,-,,-,,-,,-,,-,,-,,-,,-,,-,,-,,-,,-,,-,,-,,-,,-,,-,,
,"Biofuels",41.1336276,,49.2898229,,-,,-,,-,,-,,-,,0.0330189,,0.0395661,,-,,-,,-,,-,,-,,66.5807835,,79.7827766,,-,,-,,-,,-,,-,,12.0876536,,14.4844581,,-,,-,,-,,-,,-,,
,"Non-renewable waste",-,,-,,-,,-,,-,,-,,-,,-,,-,,-,,-,,-,,-,,-,,0.2250322,,0.2696528,,-,,-,,-,,-,,-,,-,,-,,-,,-,,-,,-,,-,,
,"Other fuels",-,,-,,-,,-,,-,,-,,-,,-,,-,,-,,-,,-,,-,,-,,2.5655326,,-,,-,,0.1678284,,-,,-,,-,,21.3543296,,-,,-,,1.3969272,,-,,-,,-,,
"Paper, pulp and print","Hard coal",-,,-,,-,,-,,-,,-,,-,,-,,-,,-,,-,,-,,-,,-,,-,,502.6198462,,-,,-,,-,,-,,-,,-,,-,,-,,-,,-,,-,,-,,
,"Brown coal",-,,-,,-,,-,,-,,-,,-,,-,,-,,-,,-,,-,,-,,-,,-,,-,,-,,-,,-,,-,,-,,-,,-,,-,,-,,-,,-,,-,,
,"Coke",-,,-,,-,,-,,-,,-,,-,,-,,-,,-,,-,,-,,-,,-,,-,,-,,-,,-,,-,,-,,-,,-,,-,,-,,-,,-,,-,,-,,
,"Petrol coke",-,,-,,-,,-,,-,,-,,-,,-,,-,,-,,-,,-,,-,,-,,-,,-,,-,,-,,-,,-,,-,,-,,-,,-,,-,,-,,-,,-,,
,"Fuel oil",-,,-,,-,,-,,-,,-,,-,,6.7550462,,39.9221818,,0.4619641,,-,,-,,-,,-,,0.0324749,,0.191926,,0.0022209,,-,,-,,-,,-,,0.8098599,,4.7862549,,0.0553847,,-,,-,,-,,-,,
,"Gas oil for heating purposes",-,,-,,-,,-,,-,,-,,-,,85.8214564,,32.7303606,,9.1016954,,-,,-,,-,,-,,39.7002088,,15.1407609,,4.2103598,,-,,-,,-,,-,,54.4150029,,20.7526502,,5.7709203,,-,,-,,-,,-,,
,"Diesel",-,,-,,-,,0.0284503,,-,,-,,-,,-,,-,,-,,0.0308835,,-,,-,,-,,-,,-,,-,,0.1928676,,-,,-,,-,,-,,-,,-,,0.2151738,,-,,-,,-,,
,"Gasoline",-,,-,,-,,-,,-,,-,,-,,-,,-,,-,,-,,-,,-,,-,,-,,-,,-,,-,,-,,-,,-,,-,,-,,-,,-,,-,,-,,-,,
,"Kerosene",-,,-,,-,,-,,-,,-,,-,,-,,-,,-,,-,,-,,-,,-,,-,,-,,-,,-,,-,,-,,-,,-,,-,,-,,-,,-,,-,,-,,
,"LPG",-,,-,,-,,-,,-,,-,,-,,0.3391614,,-,,3.7520497,,-,,-,,-,,-,,0.2256477,,-,,2.4962784,,-,,-,,-,,-,,-,,-,,-,,-,,-,,-,,-,,
,"Natural gas",2.3211643,,57.927202,,52.9791591,,-0,,-,,-,,-,,15.6347418,,390.182143,,356.8534494,,-0,,-,,-,,-,,79.7276341,,1989.690615,,1819.734634,,-0,,-,,-,,-,,98.4637256,,2457.270342,,2247.374498,,-0,,-,,-,,-,,
,"Electricity",6.6914536,,6.9017042,,0.082272,,68.2765939,,-,,9.4612766,,-,,85.998738,,88.7008841,,1.0573615,,877.4925875,,-,,121.5965763,,-,,136.0002175,,140.2734484,,1.6721338,,1387.68528,,-,,192.2953895,,-,,304.6994977,,314.273389,,3.7463053,,3109.017142,,-,,430.8251094,,-,,
,"District heat",-,,-,,-,,-,,-,,-,,-,,0.1282916,,-,,1.2830572,,-,,-,,-,,-,,16.9424644,,-,,169.4432828,,-,,-,,-,,-,,12.255224,,-,,122.5657221,,-,,-,,-,,-,,
,"Fuel wood",-,,-,,-,,-,,-,,-,,-,,-,,-,,-,,-,,-,,-,,-,,-,,-,,-,,-,,-,,-,,-,,-,,-,,-,,-,,-,,-,,-,,
,"Biofuels",0.0000192,,0.0019005,,-,,-,,-,,-,,-,,59.632202,,5903.587994,,-,,-,,-,,-,,-,,7.4495595,,737.5063884,,-,,-,,-,,-,,-,,78.3654405,,7758.178609,,-,,-,,-,,-,,-,,
,"Non-renewable waste",-,,-,,-,,-,,-,,-,,-,,-,,20.5543951,,-,,-,,-,,-,,-,,-,,-,,-,,-,,-,,-,,-,,-,,11.4216791,,-,,-,,-,,-,,-,,
,"Other fuels",-,,-,,-,,-,,-,,-,,-,,-,,-,,-,,-,,-,,-,,-,,-,,-,,-,,-,,-,,-,,-,,-,,-,,-,,-,,-,,-,,-,,
"Wood and wood products","Hard coal",-,,-,,-,,-,,-,,-,,-,,-,,-,,-,,-,,-,,-,,-,,-,,-,,-,,-,,-,,-,,-,,-,,-,,-,,-,,-,,-,,-,,
,"Brown coal",-,,-,,-,,-,,-,,-,,-,,-,,-,,-,,-,,-,,-,,-,,-,,-,,-,,-,,-,,-,,-,,-,,-,,-,,-,,-,,-,,-,,
,"Coke",-,,-,,-,,-,,-,,-,,-,,-,,-,,-,,-,,-,,-,,-,,-,,-,,-,,-,,-,,-,,-,,-,,-,,-,,-,,-,,-,,-,,
,"Petrol coke",-,,-,,-,,-,,-,,-,,-,,-,,-,,-,,-,,-,,-,,-,,-,,-,,-,,-,,-,,-,,-,,-,,-,,-,,-,,-,,-,,-,,
,"Fuel oil",-,,-,,-,,-,,-,,-,,-,,3.6516373,,-,,0.4384582,,-,,-,,-,,-,,0.1034921,,-,,0.0124265,,-,,-,,-,,-,,1.0037965,,-,,0.1205275,,-,,-,,-,,-,,
,"Gas oil for heating purposes",-,,-,,-,,-,,-,,-,,-,,13.3342115,,-,,1.6010612,,-,,-,,-,,-,,0.6806264,,-,,0.081724,,-,,-,,-,,-,,2.8130073,,-,,0.3377625,,-,,-,,-,,-,,
,"Diesel",-,,-,,-,,1.888253,,-,,-,,-,,-,,-,,-,,14.7680481,,-,,-,,-,,-,,-,,-,,19.47012,,-,,-,,-,,-,,-,,-,,20.1234479,,-,,-,,-,,
,"Gasoline",-,,-,,-,,-,,-,,-,,-,,-,,-,,-,,-,,-,,-,,-,,-,,-,,-,,-,,-,,-,,-,,-,,-,,-,,-,,-,,-,,-,,
,"Kerosene",-,,-,,-,,-,,-,,-,,-,,-,,-,,-,,-,,-,,-,,-,,-,,-,,-,,-,,-,,-,,-,,-,,-,,-,,-,,-,,-,,-,,
,"LPG",-,,-,,-,,-,,-,,-,,-,,-,,-,,-,,0.0514397,,-,,-,,-,,-,,-,,-,,7.0133126,,-,,-,,-,,-,,-,,-,,-,,-,,-,,-,,
,"Natural gas",46.078374,,361.033552,,168.1486731,,-,,-,,-,,-,,7.5999752,,59.5473713,,27.7337422,,-,,-,,-,,-,,92.2599132,,722.8754245,,336.6738155,,-,,-,,-,,-,,3.8775872,,30.3816944,,14.1500466,,-,,-,,-,,-,,
,"Electricity",7.3891184,,4.1720872,,1.7760693,,141.7504341,,-,,12.4659956,,-,,20.3198206,,11.473096,,4.8841292,,389.8088035,,-,,34.2810579,,-,,35.3775195,,19.975062,,8.5034401,,678.6707817,,-,,59.6845226,,-,,31.1397832,,17.5823266,,7.4848459,,597.3754332,,-,,52.5351445,,-,,
,"District heat",7.4711255,,0.6231977,,16.0606252,,-,,-,,-,,-,,147.9124005,,12.3379888,,317.9662304,,-,,-,,-,,-,,264.4509427,,22.0589535,,568.488302,,-,,-,,-,,-,,153.5436484,,12.8077146,,330.0716839,,-,,-,,-,,-,,
,"Fuel wood",-,,-,,-,,-,,-,,-,,-,,-,,-,,-,,-,,-,,-,,-,,-,,-,,-,,-,,-,,-,,-,,-,,-,,-,,-,,-,,-,,-,,
,"Biofuels",40.835501,,-,,464.5543627,,-,,-,,-,,-,,187.6811545,,-,,2135.105411,,-,,-,,-,,-,,184.6713969,,-,,2100.865693,,-,,-,,-,,-,,197.4654812,,-,,2246.414237,,-,,-,,-,,-,,
,"Non-renewable waste",1.2225154,,-,,13.9076253,,-,,-,,-,,-,,50.8047436,,-,,577.9668361,,-,,-,,-,,-,,6.7114966,,-,,76.3515804,,-,,-,,-,,-,,-,,-,,-,,-,,-,,-,,-,,
,"Other fuels",-,,-,,-,,-,,-,,-,,-,,-,,-,,-,,-,,-,,-,,-,,0.0746509,,-,,-,,-,,-,,-,,-,,-,,-,,-,,-,,-,,-,,-,,
"Construction","Hard coal",-,,-,,-,,-,,-,,-,,-,,-,,-,,-,,-,,-,,-,,-,,-,,-,,-,,-,,-,,-,,-,,-,,-,,-,,-,,-,,-,,-,,
,"Brown coal",-,,-,,-,,-,,-,,-,,-,,-,,-,,-,,-,,-,,-,,-,,-,,-,,-,,-,,-,,-,,-,,-,,-,,-,,-,,-,,-,,-,,
,"Coke",-,,-,,-,,-,,-,,-,,-,,-,,-,,-,,-,,-,,-,,-,,-,,-,,-,,-,,-,,-,,-,,-,,-,,-,,-,,-,,-,,-,,
,"Petrol coke",-,,-,,-,,-,,-,,-,,-,,-,,-,,-,,-,,-,,-,,-,,-,,-,,-,,-,,-,,-,,-,,-,,-,,-,,-,,-,,-,,-,,
,"Fuel oil",0.1715899,,-,,0.0707003,,-,,-,,-,,-,,18.7406069,,-,,7.7217016,,-,,-,,-,,-,,4.5012766,,-,,1.8546632,,-,,-,,-,,-,,24.79437,,-,,10.2160367,,-,,-,,-,,-,,
,"Gas oil for heating purposes",0.4952984,,-,,0.204078,,-,,-,,-,,-,,50.7497942,,-,,20.9104631,,-,,-,,-,,-,,32.4590147,,-,,13.3741041,,-,,-,,-,,-,,68.9200029,,-,,28.3971432,,-,,-,,-,,-,,
,"Diesel",-,,-,,-,,138.1215771,,-,,-,,-,,-,,-,,-,,879.8233209,,-,,-,,-,,-,,-,,-,,1406.861946,,-,,-,,-,,-,,-,,-,,2335.198531,,-,,-,,-,,
,"Gasoline",-,,-,,-,,0.309071,,-,,-,,-,,-,,-,,-,,1.9687576,,-,,-,,-,,-,,-,,-,,3.1480981,,-,,-,,-,,-,,-,,-,,5.2254125,,-,,-,,-,,
,"Kerosene",-,,-,,-,,-,,-,,-,,-,,-,,-,,-,,-,,-,,-,,-,,-,,-,,-,,-,,-,,-,,-,,-,,-,,-,,-,,-,,-,,-,,
,"LPG",1.0925439,,-,,7.4609589,,0.0968843,,-,,-,,-,,6.6725423,,-,,45.5666485,,0.591706,,-,,-,,-,,7.8222551,,-,,53.4180129,,0.69366,,-,,-,,-,,3.5620636,,-,,24.3252563,,0.3158758,,-,,-,,-,,
,"Natural gas",45.9158877,,6.6321032,,33.4537432,,0.241481,,-,,-,,-,,26.5711488,,3.8379439,,19.3594076,,0.1397431,,-,,-,,-,,170.7523096,,24.6635098,,124.4080032,,0.8980212,,-,,-,,-,,259.0997579,,37.4244391,,188.7768522,,1.3626584,,-,,-,,-,,
,"Electricity",12.6418713,,-,,0.807076,,34.370305,,-,,21.7493064,,0.0069576,,32.5926103,,-,,2.080761,,88.6117197,,-,,56.0729222,,0.0179376,,59.0570471,,-,,3.7702903,,160.5623625,,-,,101.6028229,,0.0325025,,96.3417642,,-,,6.1506024,,261.9308282,,-,,165.7481314,,0.0530224,,
,"District heat",3.3636134,,-,,-,,-,,-,,-,,-,,6.1032231,,-,,-,,-,,-,,-,,-,,25.5861806,,-,,-,,-,,-,,-,,-,,56.5203162,,-,,-,,-,,-,,-,,-,,
,"Fuel wood",-,,-,,-,,-,,-,,-,,-,,-,,-,,-,,-,,-,,-,,-,,-,,-,,-,,-,,-,,-,,-,,-,,-,,-,,-,,-,,-,,-,,
,"Biofuels",25.7773337,,-,,1.5552224,,-,,-,,-,,-,,72.0623452,,-,,4.3477335,,-,,-,,-,,-,,149.5719954,,-,,9.0241189,,-,,-,,-,,-,,201.4654579,,-,,12.1550043,,-,,-,,-,,-,,
,"Non-renewable waste",-,,-,,-,,-,,-,,-,,-,,-,,-,,-,,-,,-,,-,,-,,0.020014,,-,,-,,-,,-,,-,,-,,18.7131056,,-,,-,,-,,-,,-,,-,,
,"Other fuels",-,,-,,-,,-,,-,,-,,-,,0.1695046,,-,,-,,0.0111269,,-,,-,,-,,2.161415,,-,,-,,0.1418832,,-,,-,,-,,6.0920005,,-,,-,,0.3999011,,-,,-,,-,,
"Textile and leather","Hard coal",-,,-,,-,,-,,-,,-,,-,,-,,-,,-,,-,,-,,-,,-,,-,,-,,-,,-,,-,,-,,-,,-,,-,,-,,-,,-,,-,,-,,
,"Brown coal",-,,-,,-,,-,,-,,-,,-,,-,,-,,-,,-,,-,,-,,-,,-,,-,,-,,-,,-,,-,,-,,-,,-,,-,,-,,-,,-,,-,,
,"Coke",-,,-,,-,,-,,-,,-,,-,,-,,-,,-,,-,,-,,-,,-,,-,,-,,-,,-,,-,,-,,-,,-,,-,,-,,-,,-,,-,,-,,
,"Petrol coke",-,,-,,-,,-,,-,,-,,-,,-,,-,,-,,-,,-,,-,,-,,-,,-,,-,,-,,-,,-,,-,,-,,-,,-,,-,,-,,-,,-,,
,"Fuel oil",-,,-,,-,,-,,-,,-,,-,,-,,-,,-,,-,,-,,-,,-,,-,,-,,-,,-,,-,,-,,-,,1.4021126,,0.674476,,-,,-,,-,,-,,-,,
,"Gas oil for heating purposes",-,,-,,-,,-,,-,,-,,-,,-,,-,,-,,-,,-,,-,,-,,-,,-,,-,,-,,-,,-,,-,,3.7969382,,1.8264892,,-,,-,,-,,-,,-,,
,"Diesel",-,,-,,-,,0.0267129,,-,,-,,-,,-,,-,,-,,-,,-,,-,,-,,-,,-,,-,,0.0318007,,-,,-,,-,,-,,-,,-,,0.1168005,,-,,-,,-,,
,"Gasoline",-,,-,,-,,-,,-,,-,,-,,-,,-,,-,,-,,-,,-,,-,,-,,-,,-,,-,,-,,-,,-,,-,,-,,-,,-,,-,,-,,-,,
,"Kerosene",-,,-,,-,,-,,-,,-,,-,,-,,-,,-,,-,,-,,-,,-,,-,,-,,-,,-,,-,,-,,-,,-,,-,,-,,-,,-,,-,,-,,
,"LPG",-,,-,,-,,-,,-,,-,,-,,-,,-,,-,,-,,-,,-,,-,,-,,-,,-,,-,,-,,-,,-,,-,,-,,-,,-,,-,,-,,-,,
,"Natural gas",21.7559637,,49.9039959,,-,,-,,-,,-,,-,,-,,-,,-,,-,,-,,-,,-,,32.1584239,,73.7652384,,-,,-,,-,,-,,-,,21.5714559,,49.4807703,,-,,-,,-,,-,,-,,
,"Electricity",3.6284903,,1.4804428,,-,,15.5797861,,-,,2.7360081,,-,,1.1690274,,0.4769692,,-,,5.0194971,,-,,0.8814874,,-,,10.6959325,,4.3639957,,-,,45.9255308,,-,,8.065106,,-,,25.638915,,10.4608097,,-,,110.0867811,,-,,19.3326357,,-,,
,"District heat",-,,-,,-,,-,,-,,-,,-,,4.4130468,,-,,-,,-,,-,,-,,-,,-,,-,,-,,-,,-,,-,,-,,3.5563797,,-,,-,,-,,-,,-,,-,,
,"Fuel wood",-,,-,,-,,-,,-,,-,,-,,-,,-,,-,,-,,-,,-,,-,,-,,-,,-,,-,,-,,-,,-,,-,,-,,-,,-,,-,,-,,-,,
,"Biofuels",0.0018025,,-,,-,,-,,-,,-,,-,,4.4744876,,-,,-,,-,,-,,-,,-,,0.6589853,,-,,-,,-,,-,,-,,-,,0.0798443,,-,,-,,-,,-,,-,,-,,
,"Non-renewable waste",-,,-,,-,,-,,-,,-,,-,,-,,-,,-,,-,,-,,-,,-,,-,,-,,-,,-,,-,,-,,-,,-,,-,,-,,-,,-,,-,,-,,
,"Other fuels",-,,-,,-,,-,,-,,-,,-,,-,,-,,-,,-,,-,,-,,-,,-,,-,,-,,-,,-,,-,,-,,-,,-,,-,,-,,-,,-,,-,,
"Non-specified","Hard coal",-,,-,,-,,-,,-,,-,,-,,-,,-,,-,,-,,-,,-,,-,,-,,-,,-,,-,,-,,-,,-,,-,,-,,-,,-,,-,,-,,-,,
,"Brown coal",-,,-,,-,,-,,-,,-,,-,,-,,-,,-,,-,,-,,-,,-,,-,,-,,-,,-,,-,,-,,-,,-,,-,,-,,-,,-,,-,,-,,
,"Coke",-,,-,,-,,-,,-,,-,,-,,-,,-,,-,,-,,-,,-,,-,,-,,-,,-,,-,,-,,-,,-,,-,,-,,-,,-,,-,,-,,-,,
,"Petrol coke",-,,-,,-,,-,,-,,-,,-,,-,,-,,-,,-,,-,,-,,-,,-,,-,,-,,-,,-,,-,,-,,-,,-,,-,,-,,-,,-,,-,,
,"Fuel oil",0.1027366,,0.0265281,,0.0201052,,-,,-,,-,,-,,1.0929125,,0.282206,,0.2138791,,-,,-,,-,,-,,1.186894,,0.3064734,,0.2322709,,-,,-,,-,,-,,2.6841082,,0.6930759,,0.5252704,,-,,-,,-,,-,,
,"Gas oil for heating purposes",0.4044955,,-,,-,,-,,-,,-,,-,,4.3030249,,-,,-,,-,,-,,-,,-,,7.6503523,,-,,-,,-,,-,,-,,-,,29.4551402,,-,,-,,-,,-,,-,,-,,
,"Diesel",-,,-,,-,,0.1326583,,-,,-,,-,,-,,-,,-,,0.1684949,,-,,-,,-,,-,,-,,-,,0.5813283,,-,,-,,-,,-,,-,,-,,2.0148766,,-,,-,,-,,
,"Gasoline",-,,-,,-,,-,,-,,-,,-,,-,,-,,-,,-,,-,,-,,-,,-,,-,,-,,-,,-,,-,,-,,-,,-,,-,,-,,-,,-,,-,,
,"Kerosene",-,,-,,-,,-,,-,,-,,-,,-,,-,,-,,-,,-,,-,,-,,-,,-,,-,,-,,-,,-,,-,,-,,-,,-,,-,,-,,-,,-,,
,"LPG",0.5252282,,-,,7.5016461,,0.0411469,,-,,-,,-,,-,,-,,-,,-,,-,,-,,-,,0.0034446,,-,,0.049198,,0.0002699,,-,,-,,-,,0.1871265,,-,,2.6726606,,0.0146597,,-,,-,,-,,
,"Natural gas",38.6869218,,26.0618396,,23.4150719,,0.0617579,,-,,-,,-,,59.1708011,,39.861014,,35.8128406,,0.0944574,,-,,-,,-,,251.8313226,,169.6487404,,152.4196876,,0.4020112,,-,,-,,-,,163.2135879,,109.9504991,,98.7842331,,0.2605462,,-,,-,,-,,
,"Electricity",21.1977654,,30.014535,,25.6686805,,191.1550699,,-,,44.6153557,,-,,12.9445422,,18.3285553,,15.6747332,,116.7299864,,-,,27.2446337,,-,,65.1216594,,92.2076593,,78.8567586,,587.24753,,-,,137.0628435,,-,,116.8010177,,165.381972,,141.4360406,,1053.276434,,-,,245.8334104,,-,,
,"District heat",14.377526,,1.1628651,,17.6437569,,-,,-,,-,,-,,1.8225322,,0.1474078,,2.236568,,-,,-,,-,,-,,29.4284545,,2.3801954,,36.1138974,,-,,-,,-,,-,,63.3709023,,5.125486,,77.7672596,,-,,-,,-,,-,,
,"Fuel wood",-,,-,,-,,-,,-,,-,,-,,-,,-,,-,,-,,-,,-,,-,,-,,-,,-,,-,,-,,-,,-,,-,,-,,-,,-,,-,,-,,-,,
,"Biofuels",8.5999443,,-,,-,,-,,-,,-,,-,,0.0113694,,-,,-,,-,,-,,-,,-,,34.4655086,,-,,-,,-,,-,,-,,-,,224.652803,,-,,-,,-,,-,,-,,-,,
,"Non-renewable waste",-,,-,,-,,-,,-,,-,,-,,-,,-,,-,,-,,-,,-,,-,,-,,-,,-,,-,,-,,-,,-,,-,,-,,-,,-,,-,,-,,-,,
,"Other fuels",-,,-,,-,,-,,-,,-,,-,,-,,-,,-,,-,,-,,-,,-,,-,,-,,-,,-,,-,,-,,-,,0.005201,,-,,-,,-,,-,,-,,-,,
"Rail","Hard coal",-,,-,,-,,-,,-,,-,,-,,-,,-,,-,,-,,-,,-,,-,,-,,-,,-,,-,,1.4516363,,-,,-,,-,,-,,-,,-,,-,,-,,-,,
,"Brown coal",-,,-,,-,,-,,-,,-,,-,,-,,-,,-,,-,,-,,-,,-,,-,,-,,-,,-,,-,,-,,-,,-,,-,,-,,-,,-,,-,,-,,
,"Coke",-,,-,,-,,-,,-,,-,,-,,-,,-,,-,,-,,-,,-,,-,,-,,-,,-,,-,,-,,-,,-,,-,,-,,-,,-,,-,,-,,-,,
,"Petrol coke",-,,-,,-,,-,,-,,-,,-,,-,,-,,-,,-,,-,,-,,-,,-,,-,,-,,-,,-,,-,,-,,-,,-,,-,,-,,-,,-,,-,,
,"Fuel oil",-,,-,,-,,-,,-,,-,,-,,-,,-,,-,,-,,-,,-,,-,,-,,-,,-,,-,,-,,-,,-,,-,,-,,-,,-,,-,,-,,-,,
,"Gas oil for heating purposes",-,,-,,-,,-,,-,,-,,-,,-,,-,,-,,-,,-,,-,,-,,-,,-,,-,,-,,-,,-,,-,,-,,-,,-,,-,,-,,-,,-,,
,"Diesel",-,,-,,-,,-,,7.1888589,,-,,-,,-,,-,,-,,-,,142.7562605,,-,,-,,-,,-,,-,,-,,200.6772914,,-,,-,,-,,-,,-,,-,,150.577887,,-,,-,,
,"Gasoline",-,,-,,-,,-,,-,,-,,-,,-,,-,,-,,-,,-,,-,,-,,-,,-,,-,,-,,-,,-,,-,,-,,-,,-,,-,,-,,-,,-,,
,"Kerosene",-,,-,,-,,-,,-,,-,,-,,-,,-,,-,,-,,-,,-,,-,,-,,-,,-,,-,,-,,-,,-,,-,,-,,-,,-,,-,,-,,-,,
,"LPG",-,,-,,-,,-,,-,,-,,-,,-,,-,,-,,-,,-,,-,,-,,-,,-,,-,,-,,-,,-,,-,,-,,-,,-,,-,,-,,-,,-,,
,"Natural gas",-,,-,,-,,-,,-,,-,,-,,-,,-,,-,,-,,-,,-,,-,,-,,-,,-,,-,,-,,-,,-,,-,,-,,-,,-,,-,,-,,-,,
,"Electricity",-,,-,,-,,-,,37.2352074,,-,,-,,-,,-,,-,,-,,738.4108827,,-,,-,,-,,-,,-,,-,,1039.422339,,-,,-,,-,,-,,-,,-,,786.9965208,,-,,-,,
,"District heat",-,,-,,-,,-,,-,,-,,-,,-,,-,,-,,-,,-,,-,,-,,-,,-,,-,,-,,-,,-,,-,,-,,-,,-,,-,,-,,-,,-,,
,"Fuel wood",-,,-,,-,,-,,-,,-,,-,,-,,-,,-,,-,,-,,-,,-,,-,,-,,-,,-,,-,,-,,-,,-,,-,,-,,-,,-,,-,,-,,
,"Biofuels",-,,-,,-,,-,,0.485076,,-,,-,,-,,-,,-,,-,,9.6326325,,-,,-,,-,,-,,-,,-,,13.5409165,,-,,-,,-,,-,,-,,-,,10.1604052,,-,,-,,
,"Non-renewable waste",-,,-,,-,,-,,-,,-,,-,,-,,-,,-,,-,,-,,-,,-,,-,,-,,-,,-,,-,,-,,-,,-,,-,,-,,-,,-,,-,,-,,
,"Other fuels",-,,-,,-,,-,,-,,-,,-,,-,,-,,-,,-,,-,,-,,-,,-,,-,,-,,-,,-,,-,,-,,-,,-,,-,,-,,-,,-,,-,,
"Road","Hard coal",-,,-,,-,,-,,-,,-,,-,,-,,-,,-,,-,,-,,-,,-,,-,,-,,-,,-,,-,,-,,-,,-,,-,,-,,-,,-,,-,,-,,
,"Brown coal",-,,-,,-,,-,,-,,-,,-,,-,,-,,-,,-,,-,,-,,-,,-,,-,,-,,-,,-,,-,,-,,-,,-,,-,,-,,-,,-,,-,,
,"Coke",-,,-,,-,,-,,-,,-,,-,,-,,-,,-,,-,,-,,-,,-,,-,,-,,-,,-,,-,,-,,-,,-,,-,,-,,-,,-,,-,,-,,
,"Petrol coke",-,,-,,-,,-,,-,,-,,-,,-,,-,,-,,-,,-,,-,,-,,-,,-,,-,,-,,-,,-,,-,,-,,-,,-,,-,,-,,-,,-,,
,"Fuel oil",-,,-,,-,,-,,-,,-,,-,,-,,-,,-,,-,,-,,-,,-,,-,,-,,-,,-,,-,,-,,-,,-,,-,,-,,-,,-,,-,,-,,
,"Gas oil for heating purposes",-,,-,,-,,-,,-,,-,,-,,-,,-,,-,,-,,-,,-,,-,,-,,-,,-,,-,,-,,-,,-,,-,,-,,-,,-,,-,,-,,-,,
,"Diesel",-,,-,,-,,-,,8530.073562,,-,,-,,-,,-,,-,,-,,15698.02018,,-,,-,,-,,-,,-,,-,,44289.2778,,-,,-,,-,,-,,-,,-,,40921.67094,,-,,-,,
,"Gasoline",-,,-,,-,,-,,2566.635971,,-,,-,,-,,-,,-,,-,,4570.719574,,-,,-,,-,,-,,-,,-,,14671.40115,,-,,-,,-,,-,,-,,-,,11664.65675,,-,,-,,
,"Kerosene",-,,-,,-,,-,,-,,-,,-,,-,,-,,-,,-,,-,,-,,-,,-,,-,,-,,-,,-,,-,,-,,-,,-,,-,,-,,-,,-,,-,,
,"LPG",-,,-,,-,,-,,3.2664876,,-,,-,,-,,-,,-,,-,,6.0113653,,-,,-,,-,,-,,-,,-,,16.9600387,,-,,-,,-,,-,,-,,-,,15.6704547,,-,,-,,
,"Natural gas",-,,-,,-,,-,,12.5868705,,-,,-,,-,,-,,-,,-,,18.3081753,,-,,-,,-,,-,,-,,-,,70.0859834,,-,,-,,-,,-,,-,,-,,131.5900097,,-,,-,,
,"Electricity",-,,-,,-,,-,,144.6098169,,-,,-,,-,,-,,-,,-,,361.5245422,,-,,-,,-,,-,,-,,-,,939.9638098,,-,,-,,-,,-,,-,,-,,1446.098169,,-,,-,,
,"District heat",-,,-,,-,,-,,-,,-,,-,,-,,-,,-,,-,,-,,-,,-,,-,,-,,-,,-,,-,,-,,-,,-,,-,,-,,-,,-,,-,,-,,
,"Fuel wood",-,,-,,-,,-,,-,,-,,-,,-,,-,,-,,-,,-,,-,,-,,-,,-,,-,,-,,-,,-,,-,,-,,-,,-,,-,,-,,-,,-,,
,"Biofuels",-,,-,,-,,-,,851.6422718,,-,,-,,-,,-,,-,,-,,1548.316975,,-,,-,,-,,-,,-,,-,,4491.991379,,-,,-,,-,,-,,-,,-,,4019.328694,,-,,-,,
,"Non-renewable waste",-,,-,,-,,-,,-,,-,,-,,-,,-,,-,,-,,-,,-,,-,,-,,-,,-,,-,,-,,-,,-,,-,,-,,-,,-,,-,,-,,-,,
,"Other fuels",-,,-,,-,,-,,-,,-,,-,,-,,-,,-,,-,,-,,-,,-,,-,,-,,-,,-,,-,,-,,-,,-,,-,,-,,-,,-,,-,,-,,
"Pipeline transport","Hard coal",-,,-,,-,,-,,-,,-,,-,,-,,-,,-,,-,,-,,-,,-,,-,,-,,-,,-,,-,,-,,-,,-,,-,,-,,-,,-,,-,,-,,
,"Brown coal",-,,-,,-,,-,,-,,-,,-,,-,,-,,-,,-,,-,,-,,-,,-,,-,,-,,-,,-,,-,,-,,-,,-,,-,,-,,-,,-,,-,,
,"Coke",-,,-,,-,,-,,-,,-,,-,,-,,-,,-,,-,,-,,-,,-,,-,,-,,-,,-,,-,,-,,-,,-,,-,,-,,-,,-,,-,,-,,
,"Petrol coke",-,,-,,-,,-,,-,,-,,-,,-,,-,,-,,-,,-,,-,,-,,-,,-,,-,,-,,-,,-,,-,,-,,-,,-,,-,,-,,-,,-,,
,"Fuel oil",-,,-,,-,,-,,-,,-,,-,,-,,-,,-,,-,,-,,-,,-,,-,,-,,-,,-,,-,,-,,-,,-,,-,,-,,-,,-,,-,,-,,
,"Gas oil for heating purposes",-,,-,,-,,-,,-,,-,,-,,-,,-,,-,,-,,-,,-,,-,,-,,-,,-,,-,,-,,-,,-,,-,,-,,-,,-,,-,,-,,-,,
,"Diesel",-,,-,,-,,-,,-,,-,,-,,-,,-,,-,,-,,-,,-,,-,,-,,-,,-,,-,,-,,-,,-,,-,,-,,-,,-,,-,,-,,-,,
,"Gasoline",-,,-,,-,,-,,-,,-,,-,,-,,-,,-,,-,,-,,-,,-,,-,,-,,-,,-,,-,,-,,-,,-,,-,,-,,-,,-,,-,,-,,
,"Kerosene",-,,-,,-,,-,,-,,-,,-,,-,,-,,-,,-,,-,,-,,-,,-,,-,,-,,-,,-,,-,,-,,-,,-,,-,,-,,-,,-,,-,,
,"LPG",-,,-,,-,,-,,-,,-,,-,,-,,-,,-,,-,,-,,-,,-,,-,,-,,-,,-,,-,,-,,-,,-,,-,,-,,-,,-,,-,,-,,
,"Natural gas",-,,-,,-,,-,,-,,-,,-,,-,,-,,-,,-,,18.3354194,,-,,-,,-,,-,,-,,-,,118.6103905,,-,,-,,-,,-,,-,,-,,240.0498734,,-,,-,,
,"Electricity",-,,-,,-,,-,,-,,-,,-,,-,,-,,-,,-,,231.7671972,,-,,-,,-,,-,,-,,-,,136.6312913,,-,,-,,-,,-,,-,,-,,8.3401095,,-,,-,,
,"District heat",-,,-,,-,,-,,-,,-,,-,,-,,-,,-,,-,,-,,-,,-,,-,,-,,-,,-,,-,,-,,-,,-,,-,,-,,-,,-,,-,,-,,
,"Fuel wood",-,,-,,-,,-,,-,,-,,-,,-,,-,,-,,-,,-,,-,,-,,-,,-,,-,,-,,-,,-,,-,,-,,-,,-,,-,,-,,-,,-,,
,"Biofuels",-,,-,,-,,-,,-,,-,,-,,-,,-,,-,,-,,-,,-,,-,,-,,-,,-,,-,,-,,-,,-,,-,,-,,-,,-,,-,,-,,-,,
,"Non-renewable waste",-,,-,,-,,-,,-,,-,,-,,-,,-,,-,,-,,-,,-,,-,,-,,-,,-,,-,,-,,-,,-,,-,,-,,-,,-,,-,,-,,-,,
,"Other fuels",-,,-,,-,,-,,-,,-,,-,,-,,-,,-,,-,,-,,-,,-,,-,,-,,-,,-,,-,,-,,-,,-,,-,,-,,-,,-,,-,,-,,
"Domestic navigation","Hard coal",-,,-,,-,,-,,-,,-,,-,,-,,-,,-,,-,,-,,-,,-,,-,,-,,-,,-,,-,,-,,-,,-,,-,,-,,-,,-,,-,,-,,
,"Brown coal",-,,-,,-,,-,,-,,-,,-,,-,,-,,-,,-,,-,,-,,-,,-,,-,,-,,-,,-,,-,,-,,-,,-,,-,,-,,-,,-,,-,,
,"Coke",-,,-,,-,,-,,-,,-,,-,,-,,-,,-,,-,,-,,-,,-,,-,,-,,-,,-,,-,,-,,-,,-,,-,,-,,-,,-,,-,,-,,
,"Petrol coke",-,,-,,-,,-,,-,,-,,-,,-,,-,,-,,-,,-,,-,,-,,-,,-,,-,,-,,-,,-,,-,,-,,-,,-,,-,,-,,-,,-,,
,"Fuel oil",-,,-,,-,,-,,-,,-,,-,,-,,-,,-,,-,,-,,-,,-,,-,,-,,-,,-,,-,,-,,-,,-,,-,,-,,-,,-,,-,,-,,
,"Gas oil for heating purposes",-,,-,,-,,-,,-,,-,,-,,-,,-,,-,,-,,-,,-,,-,,-,,-,,-,,-,,-,,-,,-,,-,,-,,-,,-,,-,,-,,-,,
,"Diesel",-,,-,,-,,-,,0.4177284,,-,,-,,-,,-,,-,,-,,3.1583501,,-,,-,,-,,-,,-,,-,,666.232457,,-,,-,,-,,-,,-,,-,,559.1789965,,-,,-,,
,"Gasoline",-,,-,,-,,-,,0.0291151,,-,,-,,-,,-,,-,,-,,0.2201329,,-,,-,,-,,-,,-,,-,,46.4355397,,-,,-,,-,,-,,-,,-,,38.9740521,,-,,-,,
,"Kerosene",-,,-,,-,,-,,-,,-,,-,,-,,-,,-,,-,,-,,-,,-,,-,,-,,-,,-,,-,,-,,-,,-,,-,,-,,-,,-,,-,,-,,
,"LPG",-,,-,,-,,-,,-,,-,,-,,-,,-,,-,,-,,-,,-,,-,,-,,-,,-,,-,,-,,-,,-,,-,,-,,-,,-,,-,,-,,-,,
,"Natural gas",-,,-,,-,,-,,-,,-,,-,,-,,-,,-,,-,,-,,-,,-,,-,,-,,-,,-,,-,,-,,-,,-,,-,,-,,-,,-,,-,,-,,
,"Electricity",-,,-,,-,,-,,-,,-,,-,,-,,-,,-,,-,,-,,-,,-,,-,,-,,-,,-,,-,,-,,-,,-,,-,,-,,-,,-,,-,,-,,
,"District heat",-,,-,,-,,-,,-,,-,,-,,-,,-,,-,,-,,-,,-,,-,,-,,-,,-,,-,,-,,-,,-,,-,,-,,-,,-,,-,,-,,-,,
,"Fuel wood",-,,-,,-,,-,,-,,-,,-,,-,,-,,-,,-,,-,,-,,-,,-,,-,,-,,-,,-,,-,,-,,-,,-,,-,,-,,-,,-,,-,,
,"Biofuels",-,,-,,-,,-,,-,,-,,-,,-,,-,,-,,-,,-,,-,,-,,-,,-,,-,,-,,-,,-,,-,,-,,-,,-,,-,,-,,-,,-,,
,"Non-renewable waste",-,,-,,-,,-,,-,,-,,-,,-,,-,,-,,-,,-,,-,,-,,-,,-,,-,,-,,-,,-,,-,,-,,-,,-,,-,,-,,-,,-,,
,"Other fuels",-,,-,,-,,-,,-,,-,,-,,-,,-,,-,,-,,-,,-,,-,,-,,-,,-,,-,,-,,-,,-,,-,,-,,-,,-,,-,,-,,-,,
"Aviation","Hard coal",-,,-,,-,,-,,-,,-,,-,,-,,-,,-,,-,,-,,-,,-,,-,,-,,-,,-,,-,,-,,-,,-,,-,,-,,-,,-,,-,,-,,
,"Brown coal",-,,-,,-,,-,,-,,-,,-,,-,,-,,-,,-,,-,,-,,-,,-,,-,,-,,-,,-,,-,,-,,-,,-,,-,,-,,-,,-,,-,,
,"Coke",-,,-,,-,,-,,-,,-,,-,,-,,-,,-,,-,,-,,-,,-,,-,,-,,-,,-,,-,,-,,-,,-,,-,,-,,-,,-,,-,,-,,
,"Petrol coke",-,,-,,-,,-,,-,,-,,-,,-,,-,,-,,-,,-,,-,,-,,-,,-,,-,,-,,-,,-,,-,,-,,-,,-,,-,,-,,-,,-,,
,"Fuel oil",-,,-,,-,,-,,-,,-,,-,,-,,-,,-,,-,,-,,-,,-,,-,,-,,-,,-,,-,,-,,-,,-,,-,,-,,-,,-,,-,,-,,
,"Gas oil for heating purposes",-,,-,,-,,-,,-,,-,,-,,-,,-,,-,,-,,-,,-,,-,,-,,-,,-,,-,,-,,-,,-,,-,,-,,-,,-,,-,,-,,-,,
,"Diesel",-,,-,,-,,-,,-,,-,,-,,-,,-,,-,,-,,-,,-,,-,,-,,-,,-,,-,,-,,-,,-,,-,,-,,-,,-,,-,,-,,-,,
,"Gasoline",-,,-,,-,,-,,0.9669717,,-,,-,,-,,-,,-,,-,,4.6752787,,-,,-,,-,,-,,-,,-,,25.6079475,,-,,-,,-,,-,,-,,-,,13.7993503,,-,,-,,
,"Kerosene",-,,-,,-,,-,,8.7576215,,-,,-,,-,,-,,-,,-,,300.6587993,,-,,-,,-,,-,,-,,-,,31136.88605,,-,,-,,-,,-,,-,,-,,648.5982766,,-,,-,,
,"LPG",-,,-,,-,,-,,-,,-,,-,,-,,-,,-,,-,,-,,-,,-,,-,,-,,-,,-,,-,,-,,-,,-,,-,,-,,-,,-,,-,,-,,
,"Natural gas",-,,-,,-,,-,,-,,-,,-,,-,,-,,-,,-,,-,,-,,-,,-,,-,,-,,-,,-,,-,,-,,-,,-,,-,,-,,-,,-,,-,,
,"Electricity",-,,-,,-,,-,,-,,-,,-,,-,,-,,-,,-,,-,,-,,-,,-,,-,,-,,-,,-,,-,,-,,-,,-,,-,,-,,-,,-,,-,,
,"District heat",-,,-,,-,,-,,-,,-,,-,,-,,-,,-,,-,,-,,-,,-,,-,,-,,-,,-,,-,,-,,-,,-,,-,,-,,-,,-,,-,,-,,
,"Fuel wood",-,,-,,-,,-,,-,,-,,-,,-,,-,,-,,-,,-,,-,,-,,-,,-,,-,,-,,-,,-,,-,,-,,-,,-,,-,,-,,-,,-,,
,"Biofuels",-,,-,,-,,-,,-,,-,,-,,-,,-,,-,,-,,-,,-,,-,,-,,-,,-,,-,,3.8104,,-,,-,,-,,-,,-,,-,,-,,-,,-,,
,"Non-renewable waste",-,,-,,-,,-,,-,,-,,-,,-,,-,,-,,-,,-,,-,,-,,-,,-,,-,,-,,-,,-,,-,,-,,-,,-,,-,,-,,-,,-,,
,"Other fuels",-,,-,,-,,-,,-,,-,,-,,-,,-,,-,,-,,-,,-,,-,,-,,-,,-,,-,,-,,-,,-,,-,,-,,-,,-,,-,,-,,-,,
"Commerce and public services","Hard coal",-,,-,,-,,-,,-,,-,,-,,-,,-,,-,,-,,-,,-,,-,,-,,-,,-,,-,,-,,-,,-,,-,,-,,-,,-,,-,,-,,-,,
,"Brown coal",-,,-,,-,,-,,-,,-,,-,,-,,-,,-,,-,,-,,-,,-,,-,,-,,-,,-,,-,,-,,-,,-,,-,,-,,-,,-,,-,,-,,
,"Coke",-,,-,,-,,-,,-,,-,,-,,-,,-,,-,,-,,-,,-,,-,,-,,-,,-,,-,,-,,-,,-,,-,,-,,-,,-,,-,,-,,-,,
,"Petrol coke",-,,-,,-,,-,,-,,-,,-,,-,,-,,-,,-,,-,,-,,-,,-,,-,,-,,-,,-,,-,,-,,-,,-,,-,,-,,-,,-,,-,,
,"Fuel oil",0.0218418,,0.002482,,0.0004964,,-,,-,,-,,-,,0.0511827,,0.0061995,,0.0013367,,0.0029813,,-,,-,,-,,0.2583004,,0.0312866,,0.0067461,,0.0150457,,-,,-,,-,,0.2082494,,0.0252242,,0.0054389,,0.0121303,,-,,-,,-,,
,"Gas oil for heating purposes",83.5855749,,0.861707,,1.7234139,,-,,-,,-,,-,,128.7603807,,1.9540476,,2.3104611,,-,,-,,-,,-,,417.9344627,,6.3425086,,7.4993666,,-,,-,,-,,-,,424.8398492,,6.4473037,,7.623276,,-,,-,,-,,-,,
,"Diesel",-,,-,,0.0365523,,18.2395887,,-,,-,,-,,-,,-,,0.1551899,,72.3936872,,-,,-,,-,,-,,-,,0.5035476,,234.897224,,-,,-,,-,,-,,-,,0.3752782,,175.0615166,,-,,-,,-,,
,"Gasoline",-,,-,,0.0366153,,1.1838952,,-,,-,,-,,-,,-,,0.0573941,,1.6780616,,-,,-,,-,,-,,-,,0.0424711,,1.2417495,,-,,-,,-,,-,,-,,0.29434,,8.6057686,,-,,-,,-,,
,"Kerosene",-,,-,,-,,-,,-,,-,,-,,-,,-,,-,,-,,-,,-,,-,,-,,-,,-,,-,,-,,-,,-,,-,,-,,-,,-,,-,,-,,-,,
,"LPG",-,,-,,-,,-,,-,,-,,-,,4.2511055,,0.0230337,,0.5395351,,0.073548,,-,,-,,-,,20.9603757,,0.1135695,,2.6602156,,0.3626335,,-,,-,,-,,26.9068321,,0.1457891,,3.4149185,,0.4655125,,-,,-,,-,,
,"Natural gas",123.9655151,,19.6530695,,4.5353237,,3.0235491,,-,,-,,-,,157.2233672,,24.7763248,,4.8321563,,3.8049337,,-,,-,,-,,1131.505599,,178.310328,,34.7760768,,27.3833584,,-,,-,,-,,972.5144199,,153.2554194,,29.8895879,,23.5356422,,-,,-,,-,,
,"Electricity",172.8363234,,-,,382.0592413,,81.8698374,,-,,272.899458,,-,,506.0825512,,-,,1116.180034,,245.9652425,,-,,764.7098034,,0.1990792,,1320.040566,,-,,2911.388507,,641.5635099,,-,,1994.631032,,0.5192684,,1292.287687,,-,,2850.178712,,628.0751105,,-,,1952.695386,,0.5083511,,
,"District heat",553.3462981,,5.5893565,,-,,-,,-,,-,,-,,1582.472947,,10.0325961,,-,,-,,-,,-,,-,,4035.278648,,25.5829465,,-,,-,,-,,-,,-,,2448.815252,,15.5250517,,-,,-,,-,,-,,-,,
,"Fuel wood",0.3784463,,-,,0.0667846,,-,,-,,-,,-,,3.9244956,,-,,0.6976598,,-,,-,,-,,-,,1.989164,,-,,0.3536148,,-,,-,,-,,-,,6.004751,,-,,1.0674679,,-,,-,,-,,-,,
,"Biofuels",56.0602875,,-,,3.5783162,,-,,-,,-,,-,,140.4925353,,-,,8.6654697,,-,,-,,-,,-,,216.1562733,,-,,13.3323499,,-,,-,,-,,-,,422.2739254,,-,,26.0455256,,-,,-,,-,,-,,
,"Non-renewable waste",-,,-,,-,,-,,-,,-,,-,,-,,-,,-,,-,,-,,-,,-,,-,,-,,-,,-,,-,,-,,-,,-,,-,,-,,-,,-,,-,,-,,
,"Other fuels",261.5928134,,-,,-,,-,,-,,-,,-,,409.5676641,,-,,-,,-,,-,,-,,-,,1760.386816,,-,,-,,-,,-,,-,,-,,3459.633869,,-,,-,,-,,-,,-,,-,,
"Residential","Hard coal",1.0138146,,-,,-,,-,,-,,-,,-,,1.6959713,,-,,-,,-,,-,,-,,-,,52.0485656,,-,,-,,-,,-,,-,,-,,10.0294306,,-,,-,,-,,-,,-,,-,,
,"Brown coal",4.4404821,,-,,-,,-,,-,,-,,-,,7.980844,,-,,-,,-,,-,,-,,-,,6.7970002,,-,,-,,-,,-,,-,,-,,26.0639898,,-,,-,,-,,-,,-,,-,,
,"Coke",2.9586593,,-,,-,,-,,-,,-,,-,,2.778418,,-,,-,,-,,-,,-,,-,,34.5585371,,-,,-,,-,,-,,-,,-,,21.8707471,,-,,-,,-,,-,,-,,-,,
,"Petrol coke",-,,-,,-,,-,,-,,-,,-,,-,,-,,-,,-,,-,,-,,-,,-,,-,,-,,-,,-,,-,,-,,-,,-,,-,,-,,-,,-,,-,,
,"Fuel oil",-,,-,,-,,-,,-,,-,,-,,-,,-,,-,,-,,-,,-,,-,,-,,-,,-,,-,,-,,-,,-,,-,,-,,-,,-,,-,,-,,-,,
,"Gas oil for heating purposes",1011.908317,,-,,-,,-,,-,,-,,-,,3193.768215,,-,,-,,-,,-,,-,,-,,4909.790031,,-,,-,,-,,-,,-,,-,,4465.517192,,-,,-,,-,,-,,-,,-,,
,"Diesel",-,,-,,-,,-,,-,,-,,-,,-,,-,,-,,-,,-,,-,,-,,-,,-,,-,,-,,-,,-,,-,,-,,-,,-,,-,,-,,-,,-,,
,"Gasoline",-,,-,,-,,-,,-,,-,,-,,-,,-,,-,,-,,-,,-,,-,,-,,-,,-,,-,,-,,-,,-,,-,,-,,-,,-,,-,,-,,-,,
,"Kerosene",-,,-,,-,,-,,-,,-,,-,,-,,-,,-,,-,,-,,-,,-,,-,,-,,-,,-,,-,,-,,-,,-,,-,,-,,-,,-,,-,,-,,
,"LPG",17.3931058,,-,,-,,-,,-,,-,,-,,164.0489834,,-,,-,,-,,-,,-,,-,,148.8152617,,-,,-,,-,,-,,-,,-,,280.618047,,-,,-,,-,,-,,-,,-,,
,"Natural gas",2046.723824,,-,,-,,-,,-,,-,,-,,473.6247499,,-,,-,,-,,-,,-,,-,,14851.86492,,-,,-,,-,,-,,-,,-,,6707.511505,,-,,-,,-,,-,,-,,-,,
,"Electricity",1504.974611,,-,,-,,1111.069649,,-,,438.7653824,,-,,2536.00229,,-,,-,,2135.60885,,-,,794.8646883,,-,,7152.978217,,-,,-,,6033.303415,,-,,2725.6239,,-,,6332.351648,,-,,-,,5302.836632,,-,,2256.615022,,-,,
,"District heat",587.1102352,,-,,-,,-,,-,,-,,-,,3133.09185,,-,,-,,-,,-,,-,,-,,4255.417121,,-,,-,,-,,-,,-,,-,,6313.931391,,-,,-,,-,,-,,-,,-,,
,"Fuel wood",3919.171583,,-,,-,,-,,-,,-,,-,,6080.248264,,-,,-,,-,,-,,-,,-,,17344.87239,,-,,-,,-,,-,,-,,-,,9417.654173,,-,,-,,-,,-,,-,,-,,
,"Biofuels",557.5866249,,-,,-,,-,,-,,-,,-,,2659.369694,,-,,-,,-,,-,,-,,-,,7262.627101,,-,,-,,-,,-,,-,,-,,4823.642739,,-,,-,,-,,-,,-,,-,,
,"Non-renewable waste",-,,-,,-,,-,,-,,-,,-,,-,,-,,-,,-,,-,,-,,-,,-,,-,,-,,-,,-,,-,,-,,-,,-,,-,,-,,-,,-,,-,,
,"Other fuels",1115.707571,,-,,-,,-,,-,,-,,-,,1558.585511,,-,,-,,-,,-,,-,,-,,5714.838552,,-,,-,,-,,-,,-,,-,,4344.844643,,-,,-,,-,,-,,-,,-,,
"Agriculture","Hard coal",0.0027087,,-,,0.004063,,-,,-,,-,,-,,0.0113282,,-,,-,,-,,-,,-,,-,,0.0597036,,-,,0.089649,,-,,-,,-,,-,,0.0669911,,-,,-,,-,,-,,-,,-,,
,"Brown coal",0.1959332,,-,,-,,-,,-,,-,,-,,0.3521492,,-,,-,,-,,-,,-,,-,,0.2136657,,-,,-,,-,,-,,-,,-,,1.0862051,,-,,-,,-,,-,,-,,-,,
,"Coke",0.0683479,,-,,-,,-,,-,,-,,-,,0.0639792,,-,,0.000205,,-,,-,,-,,-,,0.795786,,-,,0.0025493,,-,,-,,-,,-,,0.5036218,,-,,0.0016133,,-,,-,,-,,-,,
,"Petrol coke",-,,-,,-,,-,,-,,-,,-,,-,,-,,-,,-,,-,,-,,-,,-,,-,,-,,-,,-,,-,,-,,-,,-,,-,,-,,-,,-,,-,,
,"Fuel oil",-,,-,,-,,-,,-,,-,,-,,-,,-,,-,,-,,-,,-,,-,,-,,-,,-,,-,,-,,-,,-,,-,,-,,-,,-,,-,,-,,-,,
,"Gas oil for heating purposes",0.9402275,,0.0191883,,-,,-,,-,,-,,-,,2.9612631,,0.0668292,,-,,-,,-,,-,,-,,4.5523592,,0.1027368,,-,,-,,-,,-,,-,,4.1404292,,0.0934404,,-,,-,,-,,-,,-,,
,"Diesel",-,,-,,-,,18.6425648,,602.7762623,,-,,-,,-,,0.3503054,,-,,17.0023047,,671.4682726,,-,,-,,-,,1.6440073,,-,,79.7929801,,3151.24658,,-,,-,,-,,0.9277895,,-,,45.0308751,,1778.394429,,-,,-,,
,"Gasoline",-,,-,,-,,3.6785883,,-,,-,,-,,-,,-,,-,,19.1211193,,-,,-,,-,,-,,-,,-,,39.7302462,,-,,-,,-,,-,,-,,-,,25.9992479,,-,,-,,-,,
,"Kerosene",-,,-,,-,,-,,-,,-,,-,,-,,-,,-,,-,,-,,-,,-,,-,,-,,-,,-,,-,,-,,-,,-,,-,,-,,-,,-,,-,,-,,
,"LPG",1.7262469,,-,,-,,0.0533891,,-,,-,,-,,16.2286197,,-,,0.0785665,,0.4780547,,-,,-,,-,,14.7216169,,-,,0.0712708,,0.4336621,,-,,-,,-,,27.7602669,,-,,0.1343939,,0.8177483,,-,,-,,-,,
,"Natural gas",14.8452576,,-,,3.9462077,,-,,-,,-,,-,,3.7055254,,-,,0.9577165,,-,,-,,-,,-,,118.9434795,,-,,30.741696,,-,,-,,-,,-,,54.0437024,,-,,13.9679374,,-,,-,,-,,-,,
,"Electricity",68.4937872,,2.3618547,,2.3618547,,122.816446,,-,,40.1515304,,-,,125.3844576,,0.162915,,2.5934899,,208.3497074,,-,,70.2597411,,0.9857435,,437.7060963,,0.5687218,,9.0536447,,727.3304746,,-,,245.270567,,3.4411439,,353.5981701,,0.4594384,,7.3139311,,587.5694377,,-,,198.1403147,,2.7799069,,
,"District heat",8.2994748,,-,,-,,-,,-,,-,,-,,44.2898373,,-,,-,,-,,-,,-,,-,,60.1551889,,-,,-,,-,,-,,-,,-,,89.2546429,,-,,-,,-,,-,,-,,-,,
,"Fuel wood",153.1791891,,7.4118962,,86.4721229,,-,,-,,-,,-,,237.3789126,,10.7524591,,135.1653562,,-,,-,,-,,-,,677.1609922,,30.6730947,,385.5806133,,-,,-,,-,,-,,367.6745438,,16.654409,,209.3566784,,-,,-,,-,,-,,
,"Biofuels",80.2603879,,-,,23.8726345,,0.6289636,,20.883459,,-,,-,,439.5189464,,-,,-,,0.5739163,,23.2718464,,-,,-,,1284.885602,,-,,1.4079351,,2.6934284,,109.2163686,,-,,-,,1007.449281,,-,,-,,1.5200264,,61.6358563,,-,,-,,
,"Non-renewable waste",-,,-,,-,,-,,-,,-,,-,,-,,-,,-,,-,,-,,-,,-,,-,,-,,-,,-,,-,,-,,-,,-,,-,,-,,-,,-,,-,,-,,
,"Other fuels",15.0651628,,-,,-,,-,,-,,-,,-,,21.0452497,,-,,-,,-,,-,,-,,-,,77.1662534,,-,,-,,-,,-,,-,,-,,58.6675161,,-,,-,,-,,-,,-,,-,,